Alameda,United_States_California_Alameda
Alturas,United_States_California_Alturas
Ames Research Center,United_States_California_Ames_Research_Center
Anaheim,United_States_California_Anaheim
Antioch,United_States_California_Antioch
Apple Valley,United_States_California_Apple_Valley
Arnold,United_States_California_Arnold
Atascadero,United_States_California_Atascadero
Auburn,United_States_California_Auburn
Bakersfield,United_States_California_Bakersfield
Baldwin Park,United_States_California_Baldwin_Park
Banta,United_States_California_Banta
Barstow,United_States_California_Barstow
Benicia,United_States_California_Benicia
Berkeley,United_States_California_Berkeley
Bishop,United_States_California_Bishop
Blythe,United_States_California_Blythe
Brea,United_States_California_Brea
Brentwood,United_States_California_Brentwood
Bridgeport,United_States_California_Bridgeport
Burbank,United_States_California_Burbank
Cabrillo National Monument,United_States_California_Cabrillo_National_Monument
Camarillo,United_States_California_Camarillo
Cameron Park,United_States_California_Cameron_Park
Campbell,United_States_California_Campbell
Canoga Park,United_States_California_Canoga_Park
Capitola,United_States_California_Capitola
Carlsbad,United_States_California_Carlsbad
Castro Valley,United_States_California_Castro_Valley
Catheys Valley,United_States_California_Catheys_Valley
Channel Islands National Park,United_States_California_Channel_Islands_National_Park
Chico,United_States_California_Chico
China Lake,United_States_California_China_Lake
Chino Hills,United_States_California_Chino_Hills
Citrus Heights,United_States_California_Citrus_Heights
Claremont,United_States_California_Claremont
Clearlake,United_States_California_Clearlake
Cloverdale,United_States_California_Cloverdale
Clovis,United_States_California_Clovis
Coalinga,United_States_California_Coalinga
Colusa,United_States_California_Colusa
Concord,United_States_California_Concord
Corona,United_States_California_Corona
Coronado,United_States_California_Coronado
Costa Mesa,United_States_California_Costa_Mesa
Cotati,United_States_California_Cotati
Crescent City,United_States_California_Crescent_City
Cupertino,United_States_California_Cupertino
Dana Point,United_States_California_Dana_Point
Davis,United_States_California_Davis
Death Valley National Park,United_States_California_Death_Valley_National_Park
Desert Hot Springs,United_States_California_Desert_Hot_Springs
Devils Postpile National Monument,United_States_California_Devils_Postpile_National_Monument
Downey,United_States_California_Downey
Downieville,United_States_California_Downieville
Dryden Flight Research Center,United_States_California_Dryden_Flight_Research_Center
Edwards AFB,United_States_California_Edwards_AFB
El Centro,United_States_California_El_Centro
El Portal,United_States_California_El_Portal
El Segundo,United_States_California_El_Segundo
Encinitas,United_States_California_Encinitas
Escondido,United_States_California_Escondido
Eugene ONeill National Historic Site,United_States_California_Eugene_ONeill_National_Historic_Site
Eureka,United_States_California_Eureka
Fairfield,United_States_California_Fairfield
Ferndale,United_States_California_Ferndale
Folsom,United_States_California_Folsom
Fort Bragg,United_States_California_Fort_Bragg
Fort Point National Historic Site,United_States_California_Fort_Point_National_Historic_Site
Fountain Valley,United_States_California_Fountain_Valley
Fremont,United_States_California_Fremont
Fresno,United_States_California_Fresno
Fullerton,United_States_California_Fullerton
Gardena,United_States_California_Gardena
Garden Grove,United_States_California_Garden_Grove
Gilroy,United_States_California_Gilroy
Glendale,United_States_California_Glendale
Glendora,United_States_California_Glendora
Golden Gate National Recreation Area,United_States_California_Golden_Gate_National_Recreation_Area
Grass Valley,United_States_California_Grass_Valley
Half Moon Bay,United_States_California_Half_Moon_Bay
Hanford,United_States_California_Hanford
Hemet,United_States_California_Hemet
Hesperia,United_States_California_Hesperia
Highland,United_States_California_Highland
Hollister,United_States_California_Hollister
Hornbrook,United_States_California_Hornbrook
Huntington Beach,United_States_California_Huntington_Beach
Independence,United_States_California_Independence
Inglewood,United_States_California_Inglewood
Irvine,United_States_California_Irvine
Jackson,United_States_California_Jackson
Jamestown,United_States_California_Jamestown
Jet Propulsion Lab,United_States_California_Jet_Propulsion_Lab
John Muir National Historic Site,United_States_California_John_Muir_National_Historic_Site
Joshua Tree National Park,United_States_California_Joshua_Tree_National_Park
June Lake,United_States_California_June_Lake
Kern River Valley,United_States_California_Kern_River_Valley
Kings Canyon National Park,United_States_California_Kings_Canyon_National_Park
Lafayette,United_States_California_Lafayette
Laguna Beach,United_States_California_Laguna_Beach
Laguna Niguel,United_States_California_Laguna_Niguel
Lakeport,United_States_California_Lakeport
Lakewood,United_States_California_Lakewood
Lake Arrowhead,United_States_California_Lake_Arrowhead
Lake Elsinore,United_States_California_Lake_Elsinore
Lancaster,United_States_California_Lancaster
Lassen Volcanic National Park,United_States_California_Lassen_Volcanic_National_Park
Lava Beds National Monument,United_States_California_Lava_Beds_National_Monument
La Grange,United_States_California_La_Grange
La Mesa,United_States_California_La_Mesa
La Quinta,United_States_California_La_Quinta
La Verne,United_States_California_La_Verne
Lemoore,United_States_California_Lemoore
Le Grand,United_States_California_Le_Grand
Livermore,United_States_California_Livermore
Lompoc,United_States_California_Lompoc
Long Beach,United_States_California_Long_Beach
Los Altos,United_States_California_Los_Altos
Los Angeles,United_States_California_Los_Angeles
Los Gatos,United_States_California_Los_Gatos
Madera,United_States_California_Madera
Magalia,United_States_California_Magalia
Manteca,United_States_California_Manteca
Manzanar National Historic Site,United_States_California_Manzanar_National_Historic_Site
Marina,United_States_California_Marina
Mariposa,United_States_California_Mariposa
Markleeville,United_States_California_Markleeville
Martinez,United_States_California_Martinez
Marysville,United_States_California_Marysville
Menlo Park,United_States_California_Menlo_Park
Mentone,United_States_California_Mentone
Merced,United_States_California_Merced
Mill Valley,United_States_California_Mill_Valley
Milpitas,United_States_California_Milpitas
Mission Viejo,United_States_California_Mission_Viejo
Modesto,United_States_California_Modesto
Mojave National Preserve,United_States_California_Mojave_National_Preserve
Monrovia,United_States_California_Monrovia
Montecito,United_States_California_Montecito
Monterey,United_States_California_Monterey
Moreno Valley,United_States_California_Moreno_Valley
Moss Beach,United_States_California_Moss_Beach
Mountain View,United_States_California_Mountain_View
Mount Baldy,United_States_California_Mount_Baldy
Mount Shasta,United_States_California_Mount_Shasta
Muir Woods National Monument,United_States_California_Muir_Woods_National_Monument
Murrieta,United_States_California_Murrieta
Napa,United_States_California_Napa
Nevada City,United_States_California_Nevada_City
Newark,United_States_California_Newark
Newport Beach,United_States_California_Newport_Beach
Nipomo,United_States_California_Nipomo
Norco,United_States_California_Norco
Northridge,United_States_California_Northridge
North Hollywood,United_States_California_North_Hollywood
Novato,United_States_California_Novato
Oakland,United_States_California_Oakland
Oak View,United_States_California_Oak_View
Oceanside,United_States_California_Oceanside
Ojai,United_States_California_Ojai
Ontario,United_States_California_Ontario
Orange,United_States_California_Orange
Orangevale,United_States_California_Orangevale
Orinda,United_States_California_Orinda
Oroville,United_States_California_Oroville
Palmdale,United_States_California_Palmdale
Palm Springs,United_States_California_Palm_Springs
Palo Alto,United_States_California_Palo_Alto
Paradise,United_States_California_Paradise
Paramount,United_States_California_Paramount
Pasadena,United_States_California_Pasadena
Paso Robles,United_States_California_Paso_Robles
Perris,United_States_California_Perris
Pescadero,United_States_California_Pescadero
Petaluma,United_States_California_Petaluma
Pinnacles National Monument,United_States_California_Pinnacles_National_Monument
Pittsburg,United_States_California_Pittsburg
Placentia,United_States_California_Placentia
Placerville,United_States_California_Placerville
Pleasanton,United_States_California_Pleasanton
Pleasant Hill,United_States_California_Pleasant_Hill
Point Reyes National Seashore,United_States_California_Point_Reyes_National_Seashore
Pomona,United_States_California_Pomona
Porterville,United_States_California_Porterville
Presidio of San Francisco,United_States_California_Presidio_of_San_Francisco
Quincy,United_States_California_Quincy
Rancho Cucamonga,United_States_California_Rancho_Cucamonga
Rancho Margarita,United_States_California_Rancho_Margarita
Rancho Palos Verdes,United_States_California_Rancho_Palos_Verdes
Redding,United_States_California_Redding
Redlands,United_States_California_Redlands
Redwood City,United_States_California_Redwood_City
Redwood National Park,United_States_California_Redwood_National_Park
Red Bluff,United_States_California_Red_Bluff
Ridgecrest,United_States_California_Ridgecrest
Riverside,United_States_California_Riverside
Rocklin,United_States_California_Rocklin
Roseville,United_States_California_Roseville
Rosie the Riveter WWII Home Front National Historical Park,United_States_California_Rosie_the_Riveter_WWII_Home_Front_National_Historical_Park
Running Springs,United_States_California_Running_Springs
Sacramento,United_States_California_Sacramento
Salinas,United_States_California_Salinas
Santa Ana,United_States_California_Santa_Ana
Santa Barbara,United_States_California_Santa_Barbara
Santa Clara,United_States_California_Santa_Clara
Santa Clarita,United_States_California_Santa_Clarita
Santa Cruz,United_States_California_Santa_Cruz
Santa Maria,United_States_California_Santa_Maria
Santa Monica Mountains National Recreation Area,United_States_California_Santa_Monica_Mountains_National_Recreation_Area
Santa Rosa,United_States_California_Santa_Rosa
San Andreas,United_States_California_San_Andreas
San Bernardino,United_States_California_San_Bernardino
San Clemente,United_States_California_San_Clemente
San Diego,United_States_California_San_Diego
San Fernando,United_States_California_San_Fernando
San Francisco,United_States_California_San_Francisco
San Francisco Maritime National Historical Park,United_States_California_San_Francisco_Maritime_National_Historical_Park
San Jacinto,United_States_California_San_Jacinto
San Jose,United_States_California_San_Jose
San Juan Capistrano,United_States_California_San_Juan_Capistrano
San Luis Obispo,United_States_California_San_Luis_Obispo
San Marcos,United_States_California_San_Marcos
San Rafael,United_States_California_San_Rafael
Seal Beach,United_States_California_Seal_Beach
Sebastopol,United_States_California_Sebastopol
Sequoia National Park,United_States_California_Sequoia_National_Park
Simi Valley,United_States_California_Simi_Valley
Solvang,United_States_California_Solvang
Sonoma,United_States_California_Sonoma
Sonora,United_States_California_Sonora
South Lake Tahoe,United_States_California_South_Lake_Tahoe
Stanford,United_States_California_Stanford
Starfleet Headquarters,United_States_California_Starfleet_Headquarters
Stockton,United_States_California_Stockton
Sunnyvale,United_States_California_Sunnyvale
Susanville,United_States_California_Susanville
Tahoe City,United_States_California_Tahoe_City
Tehachapi,United_States_California_Tehachapi
Temecula,United_States_California_Temecula
Thousand Oaks,United_States_California_Thousand_Oaks
Torrance,United_States_California_Torrance
Truckee,United_States_California_Truckee
Ukiah,United_States_California_Ukiah
Union City,United_States_California_Union_City
Vacaville,United_States_California_Vacaville
Valencia,United_States_California_Valencia
Vallejo,United_States_California_Vallejo
Venice,United_States_California_Venice
Ventura,United_States_California_Ventura
Victorville,United_States_California_Victorville
Visalia,United_States_California_Visalia
Vista,United_States_California_Vista
Walnut Creek,United_States_California_Walnut_Creek
Weaverville,United_States_California_Weaverville
Westminster,United_States_California_Westminster
Whiskeytown Shasta Trinity National Recreation Area,United_States_California_Whiskeytown_Shasta_Trinity_National_Recreation_Area
Whittier,United_States_California_Whittier
Wildomar,United_States_California_Wildomar
Willits,United_States_California_Willits
Willows,United_States_California_Willows
Woodland,United_States_California_Woodland
Woodland Hills,United_States_California_Woodland_Hills
Yorba Linda,United_States_California_Yorba_Linda
Yosemite National Park,United_States_California_Yosemite_National_Park
Yreka,United_States_California_Yreka
Yuba City,United_States_California_Yuba_City
Yucca Valley,United_States_California_Yucca_Valley
