Abbeville,United_States_Georgia_Abbeville
Acworth,United_States_Georgia_Acworth
Adel,United_States_Georgia_Adel
Alamo,United_States_Georgia_Alamo
Albany,United_States_Georgia_Albany
Alma,United_States_Georgia_Alma
Americus,United_States_Georgia_Americus
Andersonville National Historical Site,United_States_Georgia_Andersonville_National_Historical_Site
Appling,United_States_Georgia_Appling
Ashburn,United_States_Georgia_Ashburn
Athens,United_States_Georgia_Athens
Atlanta,United_States_Georgia_Atlanta
Augusta,United_States_Georgia_Augusta
Bainbridge,United_States_Georgia_Bainbridge
Barnesville,United_States_Georgia_Barnesville
Baxley,United_States_Georgia_Baxley
Blackshear,United_States_Georgia_Blackshear
Blairsville,United_States_Georgia_Blairsville
Blakely,United_States_Georgia_Blakely
Blue Ridge,United_States_Georgia_Blue_Ridge
Bowman,United_States_Georgia_Bowman
Brunswick,United_States_Georgia_Brunswick
Buchanan,United_States_Georgia_Buchanan
Buena Vista,United_States_Georgia_Buena_Vista
Butler,United_States_Georgia_Butler
Cairo,United_States_Georgia_Cairo
Calhoun,United_States_Georgia_Calhoun
Camilla,United_States_Georgia_Camilla
Canton,United_States_Georgia_Canton
Carnesville,United_States_Georgia_Carnesville
Carrollton,United_States_Georgia_Carrollton
Catersville,United_States_Georgia_Catersville
Cedartown,United_States_Georgia_Cedartown
Chatsworth,United_States_Georgia_Chatsworth
Chattahoochee River National Recreation Area,United_States_Georgia_Chattahoochee_River_National_Recreation_Area
Chickamauga and Chattanooga National Military Park,United_States_Georgia_Chickamauga_and_Chattanooga_National_Military_Park
Clarkesville,United_States_Georgia_Clarkesville
Claxton,United_States_Georgia_Claxton
Clayton,United_States_Georgia_Clayton
Cleveland,United_States_Georgia_Cleveland
Cochran,United_States_Georgia_Cochran
Colquitt,United_States_Georgia_Colquitt
Columbus,United_States_Georgia_Columbus
Conyers,United_States_Georgia_Conyers
Cordele,United_States_Georgia_Cordele
Cornelia,United_States_Georgia_Cornelia
Covington,United_States_Georgia_Covington
Crawfordville,United_States_Georgia_Crawfordville
Cumberland Island National Seashore,United_States_Georgia_Cumberland_Island_National_Seashore
Cumming,United_States_Georgia_Cumming
Cusseta,United_States_Georgia_Cusseta
Cuthbert,United_States_Georgia_Cuthbert
Dacula,United_States_Georgia_Dacula
Dahlonega,United_States_Georgia_Dahlonega
Dallas,United_States_Georgia_Dallas
Dalton,United_States_Georgia_Dalton
Danielsville,United_States_Georgia_Danielsville
Darien,United_States_Georgia_Darien
Dawson,United_States_Georgia_Dawson
Dawsonville,United_States_Georgia_Dawsonville
Decatur,United_States_Georgia_Decatur
Donalsonville,United_States_Georgia_Donalsonville
Douglas,United_States_Georgia_Douglas
Douglasville,United_States_Georgia_Douglasville
Dublin,United_States_Georgia_Dublin
Duluth,United_States_Georgia_Duluth
Eastman,United_States_Georgia_Eastman
Eatonton,United_States_Georgia_Eatonton
Elberton,United_States_Georgia_Elberton
Ellaville,United_States_Georgia_Ellaville
Ellijay,United_States_Georgia_Ellijay
Fayetteville,United_States_Georgia_Fayetteville
Fitzgerald,United_States_Georgia_Fitzgerald
Folkston,United_States_Georgia_Folkston
Forsyth,United_States_Georgia_Forsyth
Fort Frederica National Monument,United_States_Georgia_Fort_Frederica_National_Monument
Fort Gaines,United_States_Georgia_Fort_Gaines
Fort Pulaski National Monument,United_States_Georgia_Fort_Pulaski_National_Monument
Fort Valley,United_States_Georgia_Fort_Valley
Franklin,United_States_Georgia_Franklin
Gainesville,United_States_Georgia_Gainesville
Georgetown,United_States_Georgia_Georgetown
Gibson,United_States_Georgia_Gibson
Gray,United_States_Georgia_Gray
Greensboro,United_States_Georgia_Greensboro
Greenville,United_States_Georgia_Greenville
Griffin,United_States_Georgia_Griffin
Hamilton,United_States_Georgia_Hamilton
Hartwell,United_States_Georgia_Hartwell
Hawkinsville,United_States_Georgia_Hawkinsville
Hazlehurst,United_States_Georgia_Hazlehurst
Hiawwassee,United_States_Georgia_Hiawwassee
Hinesville,United_States_Georgia_Hinesville
Homer,United_States_Georgia_Homer
Homerville,United_States_Georgia_Homerville
Irwinton,United_States_Georgia_Irwinton
Jackson,United_States_Georgia_Jackson
Jasper,United_States_Georgia_Jasper
Jefferson,United_States_Georgia_Jefferson
Jeffersonville,United_States_Georgia_Jeffersonville
Jesup,United_States_Georgia_Jesup
Jimmy Carter National Historic Site,United_States_Georgia_Jimmy_Carter_National_Historic_Site
Jonesboro,United_States_Georgia_Jonesboro
Kennesaw Mountain National Battlefield Park,United_States_Georgia_Kennesaw_Mountain_National_Battlefield_Park
Knoxville,United_States_Georgia_Knoxville
LaFayette,United_States_Georgia_LaFayette
Lagrange,United_States_Georgia_Lagrange
Lakeland,United_States_Georgia_Lakeland
Lawrenceville,United_States_Georgia_Lawrenceville
Leesburg,United_States_Georgia_Leesburg
Lexington,United_States_Georgia_Lexington
Lincolnton,United_States_Georgia_Lincolnton
Louisville,United_States_Georgia_Louisville
Ludowici,United_States_Georgia_Ludowici
Lumpkin,United_States_Georgia_Lumpkin
Lyons,United_States_Georgia_Lyons
Macon,United_States_Georgia_Macon
Madison,United_States_Georgia_Madison
Marietta,United_States_Georgia_Marietta
Martin Luther King Jr National Historic Site,United_States_Georgia_Martin_Luther_King_Jr_National_Historic_Site
McCaysville,United_States_Georgia_McCaysville
McDonough,United_States_Georgia_McDonough
McRae,United_States_Georgia_McRae
Metter,United_States_Georgia_Metter
Midway,United_States_Georgia_Midway
Milledgeville,United_States_Georgia_Milledgeville
Millen,United_States_Georgia_Millen
Monroe,United_States_Georgia_Monroe
Monticello,United_States_Georgia_Monticello
Morgan,United_States_Georgia_Morgan
Moultrie,United_States_Georgia_Moultrie
Mount Vernon,United_States_Georgia_Mount_Vernon
Nahunta,United_States_Georgia_Nahunta
Nashville,United_States_Georgia_Nashville
Newnan,United_States_Georgia_Newnan
Newton,United_States_Georgia_Newton
Norcross,United_States_Georgia_Norcross
Ocilla,United_States_Georgia_Ocilla
Ocmulgee National Monument,United_States_Georgia_Ocmulgee_National_Monument
Oglethorpe,United_States_Georgia_Oglethorpe
Peachtree City,United_States_Georgia_Peachtree_City
Pearson,United_States_Georgia_Pearson
Pembroke,United_States_Georgia_Pembroke
Perry,United_States_Georgia_Perry
Preston,United_States_Georgia_Preston
Quitman,United_States_Georgia_Quitman
Reidsville,United_States_Georgia_Reidsville
Ringgold,United_States_Georgia_Ringgold
Rome,United_States_Georgia_Rome
Roswell,United_States_Georgia_Roswell
Saint Simons Island,United_States_Georgia_Saint_Simons_Island
Sandersville,United_States_Georgia_Sandersville
Savannah,United_States_Georgia_Savannah
Snellville,United_States_Georgia_Snellville
Soperton,United_States_Georgia_Soperton
Sparta,United_States_Georgia_Sparta
Springfield,United_States_Georgia_Springfield
Statenville,United_States_Georgia_Statenville
Statesboro,United_States_Georgia_Statesboro
Stone Mountain,United_States_Georgia_Stone_Mountain
Summerville,United_States_Georgia_Summerville
Swainsboro,United_States_Georgia_Swainsboro
Sylvania,United_States_Georgia_Sylvania
Sylvester,United_States_Georgia_Sylvester
Talbotton,United_States_Georgia_Talbotton
Thomaston,United_States_Georgia_Thomaston
Thomasville,United_States_Georgia_Thomasville
Thomson,United_States_Georgia_Thomson
Tifton,United_States_Georgia_Tifton
Toccoa,United_States_Georgia_Toccoa
Trenton,United_States_Georgia_Trenton
Tybee Island,United_States_Georgia_Tybee_Island
Valdosta,United_States_Georgia_Valdosta
Vidalia,United_States_Georgia_Vidalia
Vienna,United_States_Georgia_Vienna
Warner Robins,United_States_Georgia_Warner_Robins
Warrenton,United_States_Georgia_Warrenton
Washington,United_States_Georgia_Washington
Watkinsville,United_States_Georgia_Watkinsville
Waycross,United_States_Georgia_Waycross
Waynesboro,United_States_Georgia_Waynesboro
West Point,United_States_Georgia_West_Point
Winder,United_States_Georgia_Winder
Woodbine,United_States_Georgia_Woodbine
Woodstock,United_States_Georgia_Woodstock
Wrightsville,United_States_Georgia_Wrightsville
Zebulon,United_States_Georgia_Zebulon
