Adel,United_States_Iowa_Adel
Albia,United_States_Iowa_Albia
Algona,United_States_Iowa_Algona
Allison,United_States_Iowa_Allison
Ames,United_States_Iowa_Ames
Anamosa,United_States_Iowa_Anamosa
Armstrong,United_States_Iowa_Armstrong
Atlantic,United_States_Iowa_Atlantic
Audubon,United_States_Iowa_Audubon
Bedford,United_States_Iowa_Bedford
Bettendorf,United_States_Iowa_Bettendorf
Bloomfield,United_States_Iowa_Bloomfield
Boone,United_States_Iowa_Boone
Burlington,United_States_Iowa_Burlington
Carroll,United_States_Iowa_Carroll
Cedar Falls,United_States_Iowa_Cedar_Falls
Cedar Rapids,United_States_Iowa_Cedar_Rapids
Centerville,United_States_Iowa_Centerville
Chariton,United_States_Iowa_Chariton
Charles City,United_States_Iowa_Charles_City
Charter Oak,United_States_Iowa_Charter_Oak
Cherokee,United_States_Iowa_Cherokee
Clarinda,United_States_Iowa_Clarinda
Clarion,United_States_Iowa_Clarion
Clear Lake,United_States_Iowa_Clear_Lake
Clinton,United_States_Iowa_Clinton
Corning,United_States_Iowa_Corning
Corydon,United_States_Iowa_Corydon
Council Bluffs,United_States_Iowa_Council_Bluffs
Cresco,United_States_Iowa_Cresco
Creston,United_States_Iowa_Creston
Dakota City,United_States_Iowa_Dakota_City
Davenport,United_States_Iowa_Davenport
Decorah,United_States_Iowa_Decorah
Denison,United_States_Iowa_Denison
Des Moines,United_States_Iowa_Des_Moines
Dubuque,United_States_Iowa_Dubuque
Effigy Mounds National Monument,United_States_Iowa_Effigy_Mounds_National_Monument
Eldora,United_States_Iowa_Eldora
Elkader,United_States_Iowa_Elkader
Emmetsburg,United_States_Iowa_Emmetsburg
Estherville,United_States_Iowa_Estherville
Fairfield,United_States_Iowa_Fairfield
Forest City,United_States_Iowa_Forest_City
Fort Dodge,United_States_Iowa_Fort_Dodge
Fort Madison,United_States_Iowa_Fort_Madison
Garner,United_States_Iowa_Garner
Gillett Grove,United_States_Iowa_Gillett_Grove
Glenwood,United_States_Iowa_Glenwood
Greenfield,United_States_Iowa_Greenfield
Grinnell,United_States_Iowa_Grinnell
Grundy Center,United_States_Iowa_Grundy_Center
Guthrie Center,United_States_Iowa_Guthrie_Center
Hampton,United_States_Iowa_Hampton
Harlan,United_States_Iowa_Harlan
Herbert Hoover National Historic Site,United_States_Iowa_Herbert_Hoover_National_Historic_Site
Ida Grove,United_States_Iowa_Ida_Grove
Independence,United_States_Iowa_Independence
Indianola,United_States_Iowa_Indianola
Inwood,United_States_Iowa_Inwood
Iowa City,United_States_Iowa_Iowa_City
Jefferson,United_States_Iowa_Jefferson
Keosauqua,United_States_Iowa_Keosauqua
Knoxville,United_States_Iowa_Knoxville
Leon,United_States_Iowa_Leon
Le Mars,United_States_Iowa_Le_Mars
Logan,United_States_Iowa_Logan
Manchester,United_States_Iowa_Manchester
Maquoketa,United_States_Iowa_Maquoketa
Marengo,United_States_Iowa_Marengo
Marshalltown,United_States_Iowa_Marshalltown
Mason City,United_States_Iowa_Mason_City
Merrill,United_States_Iowa_Merrill
Montezuma,United_States_Iowa_Montezuma
Mount Ayr,United_States_Iowa_Mount_Ayr
Mount Pleasant,United_States_Iowa_Mount_Pleasant
Muscatine,United_States_Iowa_Muscatine
Nevada,United_States_Iowa_Nevada
Newton,United_States_Iowa_Newton
New Hampton,United_States_Iowa_New_Hampton
Northwood,United_States_Iowa_Northwood
Olin,United_States_Iowa_Olin
Onawa,United_States_Iowa_Onawa
Orange City,United_States_Iowa_Orange_City
Osage,United_States_Iowa_Osage
Osceola,United_States_Iowa_Osceola
Oskaloosa,United_States_Iowa_Oskaloosa
Ottumwa,United_States_Iowa_Ottumwa
Pocahontas,United_States_Iowa_Pocahontas
Primghar,United_States_Iowa_Primghar
Red Oak,United_States_Iowa_Red_Oak
Reinbeck,United_States_Iowa_Reinbeck
Riverside,United_States_Iowa_Riverside
Rockwell City,United_States_Iowa_Rockwell_City
Rock Rapids,United_States_Iowa_Rock_Rapids
Sac City,United_States_Iowa_Sac_City
Sibley,United_States_Iowa_Sibley
Sidney,United_States_Iowa_Sidney
Sigourney,United_States_Iowa_Sigourney
Sioux Center,United_States_Iowa_Sioux_Center
Sioux City,United_States_Iowa_Sioux_City
Spencer,United_States_Iowa_Spencer
Spriit Lake,United_States_Iowa_Spriit_Lake
Storm Lake,United_States_Iowa_Storm_Lake
Tipton,United_States_Iowa_Tipton
Toledo,United_States_Iowa_Toledo
Vinton,United_States_Iowa_Vinton
Wapello,United_States_Iowa_Wapello
Washington,United_States_Iowa_Washington
Waterloo,United_States_Iowa_Waterloo
Waukon,United_States_Iowa_Waukon
Waverly,United_States_Iowa_Waverly
Webster City,United_States_Iowa_Webster_City
West Union,United_States_Iowa_West_Union
Winterset,United_States_Iowa_Winterset
