Akron,United_States_Ohio_Akron
Amherst,United_States_Ohio_Amherst
Ashland,United_States_Ohio_Ashland
Ashtabula,United_States_Ohio_Ashtabula
Athens,United_States_Ohio_Athens
Batavia,United_States_Ohio_Batavia
Bellefontaine,United_States_Ohio_Bellefontaine
Boardman,United_States_Ohio_Boardman
Bolivar,United_States_Ohio_Bolivar
Bowling Green,United_States_Ohio_Bowling_Green
Bristolville,United_States_Ohio_Bristolville
Bryan,United_States_Ohio_Bryan
Bucyrus,United_States_Ohio_Bucyrus
Cadiz,United_States_Ohio_Cadiz
Caldwell,United_States_Ohio_Caldwell
Cambridge,United_States_Ohio_Cambridge
Canton,United_States_Ohio_Canton
Carrollton,United_States_Ohio_Carrollton
Celina,United_States_Ohio_Celina
Chardon,United_States_Ohio_Chardon
Chillicothe,United_States_Ohio_Chillicothe
Cincinnati,United_States_Ohio_Cincinnati
Circleville,United_States_Ohio_Circleville
Cleveland,United_States_Ohio_Cleveland
Columbus,United_States_Ohio_Columbus
Conneaut,United_States_Ohio_Conneaut
Coshocton,United_States_Ohio_Coshocton
Cuyahoga Valley National Park,United_States_Ohio_Cuyahoga_Valley_National_Park
Dayton,United_States_Ohio_Dayton
Dayton Aviation Heritage National Historical Park,United_States_Ohio_Dayton_Aviation_Heritage_National_Historical_Park
Deer Park,United_States_Ohio_Deer_Park
Defiance,United_States_Ohio_Defiance
Delaware,United_States_Ohio_Delaware
Dublin,United_States_Ohio_Dublin
East Liverpool,United_States_Ohio_East_Liverpool
Eaton,United_States_Ohio_Eaton
Elyria,United_States_Ohio_Elyria
Fairfield,United_States_Ohio_Fairfield
Findlay,United_States_Ohio_Findlay
First Ladies National Historic Site,United_States_Ohio_First_Ladies_National_Historic_Site
Fremont,United_States_Ohio_Fremont
Galion,United_States_Ohio_Galion
Gallipolis,United_States_Ohio_Gallipolis
Georgetown,United_States_Ohio_Georgetown
Gibsonburg,United_States_Ohio_Gibsonburg
Glenn Research Center,United_States_Ohio_Glenn_Research_Center
Gomer,United_States_Ohio_Gomer
Grand Rapids,United_States_Ohio_Grand_Rapids
Greenville,United_States_Ohio_Greenville
Hamilton,United_States_Ohio_Hamilton
Harrisville,United_States_Ohio_Harrisville
Heath,United_States_Ohio_Heath
Hillsboro,United_States_Ohio_Hillsboro
Hopewell Culture National Historical Park,United_States_Ohio_Hopewell_Culture_National_Historical_Park
Hudson,United_States_Ohio_Hudson
Ironton,United_States_Ohio_Ironton
Jackson,United_States_Ohio_Jackson
James A Garfield National Historic Site,United_States_Ohio_James_A_Garfield_National_Historic_Site
Jefferson,United_States_Ohio_Jefferson
Kenton,United_States_Ohio_Kenton
Kirtland,United_States_Ohio_Kirtland
Lancaster,United_States_Ohio_Lancaster
Lebanon,United_States_Ohio_Lebanon
Lima,United_States_Ohio_Lima
Lisbon,United_States_Ohio_Lisbon
Logan,United_States_Ohio_Logan
London,United_States_Ohio_London
Macedonia,United_States_Ohio_Macedonia
Mansfield,United_States_Ohio_Mansfield
Marietta,United_States_Ohio_Marietta
Marion,United_States_Ohio_Marion
Marysville,United_States_Ohio_Marysville
Massillon,United_States_Ohio_Massillon
McArthur,United_States_Ohio_McArthur
McConnelsville,United_States_Ohio_McConnelsville
Medina,United_States_Ohio_Medina
Mentor,United_States_Ohio_Mentor
Millersburg,United_States_Ohio_Millersburg
Montpelier,United_States_Ohio_Montpelier
Montville Observatory Park,United_States_Ohio_Montville_Observatory_Park
Mount Gilead,United_States_Ohio_Mount_Gilead
Mount Vernon,United_States_Ohio_Mount_Vernon
Napolean,United_States_Ohio_Napolean
Newark,United_States_Ohio_Newark
New Lexington,United_States_Ohio_New_Lexington
New Philadelphia,United_States_Ohio_New_Philadelphia
Norwalk,United_States_Ohio_Norwalk
Oberlin,United_States_Ohio_Oberlin
Ottawa,United_States_Ohio_Ottawa
Painesville,United_States_Ohio_Painesville
Paulding,United_States_Ohio_Paulding
Perrysburg,United_States_Ohio_Perrysburg
Perrys Victory International Peace Memorial,United_States_Ohio_Perrys_Victory_International_Peace_Memorial
Pomeroy,United_States_Ohio_Pomeroy
Portsmouth,United_States_Ohio_Portsmouth
Port Clinton,United_States_Ohio_Port_Clinton
Ravenna,United_States_Ohio_Ravenna
Richmond Heights,United_States_Ohio_Richmond_Heights
Rittman,United_States_Ohio_Rittman
Saint Clairsville,United_States_Ohio_Saint_Clairsville
Salem,United_States_Ohio_Salem
Sandusky,United_States_Ohio_Sandusky
Seven Mile,United_States_Ohio_Seven_Mile
Sidney,United_States_Ohio_Sidney
Springfield,United_States_Ohio_Springfield
Steubenville,United_States_Ohio_Steubenville
Tiffin,United_States_Ohio_Tiffin
Toledo,United_States_Ohio_Toledo
Troy,United_States_Ohio_Troy
Upper Sandusky,United_States_Ohio_Upper_Sandusky
Urbana,United_States_Ohio_Urbana
Van Wert,United_States_Ohio_Van_Wert
Wapakoneta,United_States_Ohio_Wapakoneta
Warren,United_States_Ohio_Warren
Washington Court House,United_States_Ohio_Washington_Court_House
Wauseon,United_States_Ohio_Wauseon
Waverly,United_States_Ohio_Waverly
Waynesville,United_States_Ohio_Waynesville
West Union,United_States_Ohio_West_Union
William Howard Taft National Historic Site,United_States_Ohio_William_Howard_Taft_National_Historic_Site
Wilmington,United_States_Ohio_Wilmington
Woodsfield,United_States_Ohio_Woodsfield
Wooster,United_States_Ohio_Wooster
Wyoming,United_States_Ohio_Wyoming
Xenia,United_States_Ohio_Xenia
Youngstown,United_States_Ohio_Youngstown
Zanesville,United_States_Ohio_Zanesville
