Ada,United_States_Oklahoma_Ada
Altus,United_States_Oklahoma_Altus
Alva,United_States_Oklahoma_Alva
Anadarko,United_States_Oklahoma_Anadarko
Antlers,United_States_Oklahoma_Antlers
Arapaho,United_States_Oklahoma_Arapaho
Ardmore,United_States_Oklahoma_Ardmore
Arnett,United_States_Oklahoma_Arnett
Atoka,United_States_Oklahoma_Atoka
Bartlesville,United_States_Oklahoma_Bartlesville
Beaver,United_States_Oklahoma_Beaver
Boise City,United_States_Oklahoma_Boise_City
Buffalo,United_States_Oklahoma_Buffalo
Burns Flat,United_States_Oklahoma_Burns_Flat
Canute,United_States_Oklahoma_Canute
Chandler,United_States_Oklahoma_Chandler
Cherokee,United_States_Oklahoma_Cherokee
Cheyenne,United_States_Oklahoma_Cheyenne
Chickasaw National Recreation Area,United_States_Oklahoma_Chickasaw_National_Recreation_Area
Claremore,United_States_Oklahoma_Claremore
Coalgate,United_States_Oklahoma_Coalgate
Cordell,United_States_Oklahoma_Cordell
Duncan,United_States_Oklahoma_Duncan
Durant,United_States_Oklahoma_Durant
Edmond,United_States_Oklahoma_Edmond
El Reno,United_States_Oklahoma_El_Reno
Enid,United_States_Oklahoma_Enid
Eufaula,United_States_Oklahoma_Eufaula
Fairview,United_States_Oklahoma_Fairview
Frederick,United_States_Oklahoma_Frederick
Grove,United_States_Oklahoma_Grove
Guthrie,United_States_Oklahoma_Guthrie
Guymon,United_States_Oklahoma_Guymon
Hobart,United_States_Oklahoma_Hobart
Holdenville,United_States_Oklahoma_Holdenville
Hollis,United_States_Oklahoma_Hollis
Hugo,United_States_Oklahoma_Hugo
Idabel,United_States_Oklahoma_Idabel
Jay,United_States_Oklahoma_Jay
Kingfisher,United_States_Oklahoma_Kingfisher
Lawton,United_States_Oklahoma_Lawton
Madill,United_States_Oklahoma_Madill
Mangum,United_States_Oklahoma_Mangum
Marietta,United_States_Oklahoma_Marietta
McAlester,United_States_Oklahoma_McAlester
Medford,United_States_Oklahoma_Medford
Miami,United_States_Oklahoma_Miami
Midwest City,United_States_Oklahoma_Midwest_City
Moore,United_States_Oklahoma_Moore
Muskogee,United_States_Oklahoma_Muskogee
Newkirk,United_States_Oklahoma_Newkirk
Norman,United_States_Oklahoma_Norman
Nowata,United_States_Oklahoma_Nowata
Okemah,United_States_Oklahoma_Okemah
Oklahoma City,United_States_Oklahoma_Oklahoma_City
Okmulgee,United_States_Oklahoma_Okmulgee
Pauls Valley,United_States_Oklahoma_Pauls_Valley
Pawhuska,United_States_Oklahoma_Pawhuska
Pawnee,United_States_Oklahoma_Pawnee
Perry,United_States_Oklahoma_Perry
Ponca City,United_States_Oklahoma_Ponca_City
Poteau,United_States_Oklahoma_Poteau
Pryor,United_States_Oklahoma_Pryor
Purcell,United_States_Oklahoma_Purcell
Sallisaw,United_States_Oklahoma_Sallisaw
Sapulpa,United_States_Oklahoma_Sapulpa
Sayre,United_States_Oklahoma_Sayre
Seminole,United_States_Oklahoma_Seminole
Shawnee,United_States_Oklahoma_Shawnee
Spiro,United_States_Oklahoma_Spiro
Stigler,United_States_Oklahoma_Stigler
Stillwater,United_States_Oklahoma_Stillwater
Stilwell,United_States_Oklahoma_Stilwell
Sulphur,United_States_Oklahoma_Sulphur
Tahlequah,United_States_Oklahoma_Tahlequah
Talala,United_States_Oklahoma_Talala
Taloga,United_States_Oklahoma_Taloga
Texhoma,United_States_Oklahoma_Texhoma
Tishomingo,United_States_Oklahoma_Tishomingo
Tulsa,United_States_Oklahoma_Tulsa
Vici,United_States_Oklahoma_Vici
Vinita,United_States_Oklahoma_Vinita
Wagoner,United_States_Oklahoma_Wagoner
Walters,United_States_Oklahoma_Walters
Washita Battlefield National Historic Site,United_States_Oklahoma_Washita_Battlefield_National_Historic_Site
Watonga,United_States_Oklahoma_Watonga
Waurika,United_States_Oklahoma_Waurika
Weatherford,United_States_Oklahoma_Weatherford
Wewoka,United_States_Oklahoma_Wewoka
Wilburton,United_States_Oklahoma_Wilburton
Woodward,United_States_Oklahoma_Woodward
