Abilene,United_States_Texas_Abilene
Albany,United_States_Texas_Albany
Alibates Flint Quarries National Monument,United_States_Texas_Alibates_Flint_Quarries_National_Monument
Alice,United_States_Texas_Alice
Allen,United_States_Texas_Allen
Alpine,United_States_Texas_Alpine
Amarillo,United_States_Texas_Amarillo
Amistad National Recreation Area,United_States_Texas_Amistad_National_Recreation_Area
Anahuac,United_States_Texas_Anahuac
Anderson,United_States_Texas_Anderson
Andrews,United_States_Texas_Andrews
Angleton,United_States_Texas_Angleton
Anson,United_States_Texas_Anson
Aransas Pass,United_States_Texas_Aransas_Pass
Archer City,United_States_Texas_Archer_City
Arlington,United_States_Texas_Arlington
Aspermont,United_States_Texas_Aspermont
Athens,United_States_Texas_Athens
Austin,United_States_Texas_Austin
Baird,United_States_Texas_Baird
Ballinger,United_States_Texas_Ballinger
Bandera,United_States_Texas_Bandera
Bastrop,United_States_Texas_Bastrop
Baytown,United_States_Texas_Baytown
Bay City,United_States_Texas_Bay_City
Beaumont,United_States_Texas_Beaumont
Beeville,United_States_Texas_Beeville
Bellville,United_States_Texas_Bellville
Belton,United_States_Texas_Belton
Benjamin,United_States_Texas_Benjamin
Big Bend National Park,United_States_Texas_Big_Bend_National_Park
Big Lake,United_States_Texas_Big_Lake
Big Spring,United_States_Texas_Big_Spring
Big Thicket National Preserve,United_States_Texas_Big_Thicket_National_Preserve
Blossom,United_States_Texas_Blossom
Boerne,United_States_Texas_Boerne
Bonham,United_States_Texas_Bonham
Boston,United_States_Texas_Boston
Brackettville,United_States_Texas_Brackettville
Brady,United_States_Texas_Brady
Breckenridge,United_States_Texas_Breckenridge
Brenham,United_States_Texas_Brenham
Brownfield,United_States_Texas_Brownfield
Brownsville,United_States_Texas_Brownsville
Brownwood,United_States_Texas_Brownwood
Bryan,United_States_Texas_Bryan
Burleson,United_States_Texas_Burleson
Burnet,United_States_Texas_Burnet
Caldwell,United_States_Texas_Caldwell
Cameron,United_States_Texas_Cameron
Canadian,United_States_Texas_Canadian
Canton,United_States_Texas_Canton
Canyon,United_States_Texas_Canyon
Carrizo Springs,United_States_Texas_Carrizo_Springs
Carthage,United_States_Texas_Carthage
Center,United_States_Texas_Center
Centerville,United_States_Texas_Centerville
Chamizal National Memorial,United_States_Texas_Chamizal_National_Memorial
Channing,United_States_Texas_Channing
Chester,United_States_Texas_Chester
Childress,United_States_Texas_Childress
China Spring,United_States_Texas_China_Spring
Clarendon,United_States_Texas_Clarendon
Clarksville,United_States_Texas_Clarksville
Claude,United_States_Texas_Claude
Cleburne,United_States_Texas_Cleburne
Coldspring,United_States_Texas_Coldspring
Coleman,United_States_Texas_Coleman
College Station,United_States_Texas_College_Station
Colorado City,United_States_Texas_Colorado_City
Columbus,United_States_Texas_Columbus
Comranche,United_States_Texas_Comranche
Conroe,United_States_Texas_Conroe
Cooper,United_States_Texas_Cooper
Coppell,United_States_Texas_Coppell
Corpus Christi,United_States_Texas_Corpus_Christi
Corsicana,United_States_Texas_Corsicana
Cotulla,United_States_Texas_Cotulla
Crane,United_States_Texas_Crane
Crockett,United_States_Texas_Crockett
Crosbyton,United_States_Texas_Crosbyton
Crowell,United_States_Texas_Crowell
Crystal City,United_States_Texas_Crystal_City
Cuero,United_States_Texas_Cuero
Daingerfield,United_States_Texas_Daingerfield
Dalhart,United_States_Texas_Dalhart
Dallas,United_States_Texas_Dallas
Dayton,United_States_Texas_Dayton
Decatur,United_States_Texas_Decatur
Del Rio,United_States_Texas_Del_Rio
Denison,United_States_Texas_Denison
Denton,United_States_Texas_Denton
Denver City,United_States_Texas_Denver_City
Devine,United_States_Texas_Devine
Dickens,United_States_Texas_Dickens
Dimmitt,United_States_Texas_Dimmitt
Dumas,United_States_Texas_Dumas
Eagle Pass,United_States_Texas_Eagle_Pass
Eastland,United_States_Texas_Eastland
Edinburg,United_States_Texas_Edinburg
Edna,United_States_Texas_Edna
Eldorado,United_States_Texas_Eldorado
El Paso,United_States_Texas_El_Paso
Emory,United_States_Texas_Emory
Euless,United_States_Texas_Euless
Everman,United_States_Texas_Everman
Fairfield,United_States_Texas_Fairfield
Falfurrias,United_States_Texas_Falfurrias
Farwell,United_States_Texas_Farwell
Ferris,United_States_Texas_Ferris
Floresville,United_States_Texas_Floresville
Flower Mound,United_States_Texas_Flower_Mound
Floydada,United_States_Texas_Floydada
Fort Davis,United_States_Texas_Fort_Davis
Fort Davis National Historic Site,United_States_Texas_Fort_Davis_National_Historic_Site
Fort Stockton,United_States_Texas_Fort_Stockton
Fort Worth,United_States_Texas_Fort_Worth
Franklin,United_States_Texas_Franklin
Fredericksburg,United_States_Texas_Fredericksburg
Gail,United_States_Texas_Gail
Gainesville,United_States_Texas_Gainesville
Galveston,United_States_Texas_Galveston
Garden City,United_States_Texas_Garden_City
Gatesville,United_States_Texas_Gatesville
Georgetown,United_States_Texas_Georgetown
George West,United_States_Texas_George_West
Giddings,United_States_Texas_Giddings
Gilmer,United_States_Texas_Gilmer
Glen Rose,United_States_Texas_Glen_Rose
Goldthwaite,United_States_Texas_Goldthwaite
Goliad,United_States_Texas_Goliad
Gonzales,United_States_Texas_Gonzales
Graham,United_States_Texas_Graham
Granbury,United_States_Texas_Granbury
Grand Prairie,United_States_Texas_Grand_Prairie
Greenville,United_States_Texas_Greenville
Groesbeck,United_States_Texas_Groesbeck
Groveton,United_States_Texas_Groveton
Gruver,United_States_Texas_Gruver
Guadalupe Mountains National Park,United_States_Texas_Guadalupe_Mountains_National_Park
Guthrie,United_States_Texas_Guthrie
Hallettsville,United_States_Texas_Hallettsville
Hamilton,United_States_Texas_Hamilton
Haskell,United_States_Texas_Haskell
Hebbronville,United_States_Texas_Hebbronville
Hemphill,United_States_Texas_Hemphill
Hempstead,United_States_Texas_Hempstead
Henderson,United_States_Texas_Henderson
Henrietta,United_States_Texas_Henrietta
Hereford,United_States_Texas_Hereford
Highlands,United_States_Texas_Highlands
Hillsboro,United_States_Texas_Hillsboro
Hondo,United_States_Texas_Hondo
Horseshoe Bay,United_States_Texas_Horseshoe_Bay
Houston,United_States_Texas_Houston
Hunt,United_States_Texas_Hunt
Huntsville,United_States_Texas_Huntsville
Iowa Park,United_States_Texas_Iowa_Park
Irving,United_States_Texas_Irving
Jacksboro,United_States_Texas_Jacksboro
Jasper,United_States_Texas_Jasper
Jayton,United_States_Texas_Jayton
Jefferson,United_States_Texas_Jefferson
Johnson City,United_States_Texas_Johnson_City
Johnson Space Center,United_States_Texas_Johnson_Space_Center
Jourdanton,United_States_Texas_Jourdanton
Junction,United_States_Texas_Junction
Karnes City,United_States_Texas_Karnes_City
Kaufman,United_States_Texas_Kaufman
Kempner,United_States_Texas_Kempner
Kermit,United_States_Texas_Kermit
Kerrville,United_States_Texas_Kerrville
Kingsville,United_States_Texas_Kingsville
Kingwood,United_States_Texas_Kingwood
Kountze,United_States_Texas_Kountze
Lake Meredith National Recreation Area,United_States_Texas_Lake_Meredith_National_Recreation_Area
Lamesa,United_States_Texas_Lamesa
Lampasas,United_States_Texas_Lampasas
Laredo,United_States_Texas_Laredo
La Grange,United_States_Texas_La_Grange
Leakey,United_States_Texas_Leakey
Levelland,United_States_Texas_Levelland
Lewisville,United_States_Texas_Lewisville
Liberty,United_States_Texas_Liberty
Linden,United_States_Texas_Linden
Lipscomb,United_States_Texas_Lipscomb
Littlefield,United_States_Texas_Littlefield
Livingston,United_States_Texas_Livingston
Llano,United_States_Texas_Llano
Lockhart,United_States_Texas_Lockhart
Longview,United_States_Texas_Longview
Los Fresnos,United_States_Texas_Los_Fresnos
Lubbock,United_States_Texas_Lubbock
Lufkin,United_States_Texas_Lufkin
Lyndon B Johnson National Historic Park,United_States_Texas_Lyndon_B_Johnson_National_Historic_Park
Madisonville,United_States_Texas_Madisonville
Marfa,United_States_Texas_Marfa
Marlin,United_States_Texas_Marlin
Marshall,United_States_Texas_Marshall
Mason,United_States_Texas_Mason
Matador,United_States_Texas_Matador
McAllen,United_States_Texas_McAllen
McGregor,United_States_Texas_McGregor
McKinney,United_States_Texas_McKinney
McQueeney,United_States_Texas_McQueeney
Memphis,United_States_Texas_Memphis
Menard,United_States_Texas_Menard
Mentone,United_States_Texas_Mentone
Meridian,United_States_Texas_Meridian
Mertzon,United_States_Texas_Mertzon
Mesquite,United_States_Texas_Mesquite
Mexia,United_States_Texas_Mexia
Miami,United_States_Texas_Miami
Midland,United_States_Texas_Midland
Mission,United_States_Texas_Mission
Monahans,United_States_Texas_Monahans
Montague,United_States_Texas_Montague
Morton,United_States_Texas_Morton
Mount Pleasant,United_States_Texas_Mount_Pleasant
Mount Vernon,United_States_Texas_Mount_Vernon
Muleshoe,United_States_Texas_Muleshoe
Nacogdoches,United_States_Texas_Nacogdoches
Navasota,United_States_Texas_Navasota
Newton,United_States_Texas_Newton
New Braunfels,United_States_Texas_New_Braunfels
Nixon,United_States_Texas_Nixon
Odessa,United_States_Texas_Odessa
Orange,United_States_Texas_Orange
Ozona,United_States_Texas_Ozona
Padre Island National Seashore,United_States_Texas_Padre_Island_National_Seashore
Paducah,United_States_Texas_Paducah
Paint Rock,United_States_Texas_Paint_Rock
Palestine,United_States_Texas_Palestine
Palo Alto Battlefield National Historic Site,United_States_Texas_Palo_Alto_Battlefield_National_Historic_Site
Palo Pinto,United_States_Texas_Palo_Pinto
Pampa,United_States_Texas_Pampa
Panhandle,United_States_Texas_Panhandle
Paris,United_States_Texas_Paris
Pearsall,United_States_Texas_Pearsall
Pecos,United_States_Texas_Pecos
Perryton,United_States_Texas_Perryton
Pilot Point,United_States_Texas_Pilot_Point
Pittsburg,United_States_Texas_Pittsburg
Plains,United_States_Texas_Plains
Plainview,United_States_Texas_Plainview
Plano,United_States_Texas_Plano
Port Aransas,United_States_Texas_Port_Aransas
Port Arthur,United_States_Texas_Port_Arthur
Port Isabel,United_States_Texas_Port_Isabel
Port Lavaca,United_States_Texas_Port_Lavaca
Post,United_States_Texas_Post
Quanah,United_States_Texas_Quanah
Quitman,United_States_Texas_Quitman
Rankin,United_States_Texas_Rankin
Raymondville,United_States_Texas_Raymondville
Refugio,United_States_Texas_Refugio
Richmond,United_States_Texas_Richmond
Rio Grande City,United_States_Texas_Rio_Grande_City
Roanoke,United_States_Texas_Roanoke
Robert Lee,United_States_Texas_Robert_Lee
Roby,United_States_Texas_Roby
Rockport,United_States_Texas_Rockport
Rocksprings,United_States_Texas_Rocksprings
Rockwall,United_States_Texas_Rockwall
Rusk,United_States_Texas_Rusk
Sabinal,United_States_Texas_Sabinal
Sanderson,United_States_Texas_Sanderson
San Angelo,United_States_Texas_San_Angelo
San Antonio,United_States_Texas_San_Antonio
San Antonio Missions National Historic Park,United_States_Texas_San_Antonio_Missions_National_Historic_Park
San Augustine,United_States_Texas_San_Augustine
San Diego,United_States_Texas_San_Diego
San Marcos,United_States_Texas_San_Marcos
San Saba,United_States_Texas_San_Saba
Sarita,United_States_Texas_Sarita
Schertz,United_States_Texas_Schertz
Sealy,United_States_Texas_Sealy
Seguin,United_States_Texas_Seguin
Seminole,United_States_Texas_Seminole
Seymour,United_States_Texas_Seymour
Shallowater,United_States_Texas_Shallowater
Sherman,United_States_Texas_Sherman
Sierra Blanca,United_States_Texas_Sierra_Blanca
Silverton,United_States_Texas_Silverton
Sinton,United_States_Texas_Sinton
Snyder,United_States_Texas_Snyder
Sonora,United_States_Texas_Sonora
South Padre Island,United_States_Texas_South_Padre_Island
Spearman,United_States_Texas_Spearman
Stanton,United_States_Texas_Stanton
Stephenville,United_States_Texas_Stephenville
Sterling City,United_States_Texas_Sterling_City
Stinnett,United_States_Texas_Stinnett
Stratford,United_States_Texas_Stratford
Sulphur Springs,United_States_Texas_Sulphur_Springs
Sweeny,United_States_Texas_Sweeny
Sweetwater,United_States_Texas_Sweetwater
Tahoka,United_States_Texas_Tahoka
Tarpley,United_States_Texas_Tarpley
Temple,United_States_Texas_Temple
Texarkana,United_States_Texas_Texarkana
The Woodlands,United_States_Texas_The_Woodlands
Throckmorton,United_States_Texas_Throckmorton
Tilden,United_States_Texas_Tilden
Tulia,United_States_Texas_Tulia
Tyler,United_States_Texas_Tyler
Uvalde,United_States_Texas_Uvalde
Van Horn,United_States_Texas_Van_Horn
Vega,United_States_Texas_Vega
Vernon,United_States_Texas_Vernon
Victoria,United_States_Texas_Victoria
Waco,United_States_Texas_Waco
Waller,United_States_Texas_Waller
Waxahachie,United_States_Texas_Waxahachie
Weatherford,United_States_Texas_Weatherford
Weimar,United_States_Texas_Weimar
Wellington,United_States_Texas_Wellington
Wharton,United_States_Texas_Wharton
Wheeler,United_States_Texas_Wheeler
Wichita Falls,United_States_Texas_Wichita_Falls
Wimberley,United_States_Texas_Wimberley
Woodville,United_States_Texas_Woodville
Yoakum,United_States_Texas_Yoakum
Zapata,United_States_Texas_Zapata
