American Fork,United_States_Utah_American_Fork
Arches National Park,United_States_Utah_Arches_National_Park
Beaver,United_States_Utah_Beaver
Bountiful,United_States_Utah_Bountiful
Brigham City,United_States_Utah_Brigham_City
Bryce Canyon National Park,United_States_Utah_Bryce_Canyon_National_Park
Canyonlands National Park,United_States_Utah_Canyonlands_National_Park
Capitol Reef National Park,United_States_Utah_Capitol_Reef_National_Park
Castle Dale,United_States_Utah_Castle_Dale
Cedar Breaks National Monument,United_States_Utah_Cedar_Breaks_National_Monument
Cedar City,United_States_Utah_Cedar_City
Clearfield,United_States_Utah_Clearfield
Coalville,United_States_Utah_Coalville
Duchesne,United_States_Utah_Duchesne
Farmington,United_States_Utah_Farmington
Fillmore,United_States_Utah_Fillmore
Glen Canyon National Recreation Area,United_States_Utah_Glen_Canyon_National_Recreation_Area
Golden Spike National Historic Site,United_States_Utah_Golden_Spike_National_Historic_Site
Heber City,United_States_Utah_Heber_City
Hovenweep National Monument,United_States_Utah_Hovenweep_National_Monument
Junction,United_States_Utah_Junction
Kanab,United_States_Utah_Kanab
Layton,United_States_Utah_Layton
Loa,United_States_Utah_Loa
Logan,United_States_Utah_Logan
Manila,United_States_Utah_Manila
Manti,United_States_Utah_Manti
Moab,United_States_Utah_Moab
Monticello,United_States_Utah_Monticello
Morgan,United_States_Utah_Morgan
Natural Bridges National Monument,United_States_Utah_Natural_Bridges_National_Monument
Nephi,United_States_Utah_Nephi
Ogden,United_States_Utah_Ogden
Orem,United_States_Utah_Orem
Panguitch,United_States_Utah_Panguitch
Parowan,United_States_Utah_Parowan
Pleasant Grove,United_States_Utah_Pleasant_Grove
Price,United_States_Utah_Price
Promontory,United_States_Utah_Promontory
Provo,United_States_Utah_Provo
Rainbow Bridge National Monument,United_States_Utah_Rainbow_Bridge_National_Monument
Randolph,United_States_Utah_Randolph
Richfield,United_States_Utah_Richfield
Roy,United_States_Utah_Roy
Saint George,United_States_Utah_Saint_George
Salt Lake City,United_States_Utah_Salt_Lake_City
Taylorsville,United_States_Utah_Taylorsville
Timpanogos Cave National Monument,United_States_Utah_Timpanogos_Cave_National_Monument
Tooele,United_States_Utah_Tooele
Vernal,United_States_Utah_Vernal
Zion National Park,United_States_Utah_Zion_National_Park
