Alma,United_States_Wisconsin_Alma
Amery,United_States_Wisconsin_Amery
Amherst,United_States_Wisconsin_Amherst
Antigo,United_States_Wisconsin_Antigo
Apostle Islands National Lakeshore,United_States_Wisconsin_Apostle_Islands_National_Lakeshore
Appleton,United_States_Wisconsin_Appleton
Arlington,United_States_Wisconsin_Arlington
Ashland,United_States_Wisconsin_Ashland
Balsam Lake,United_States_Wisconsin_Balsam_Lake
Baraboo,United_States_Wisconsin_Baraboo
Barron,United_States_Wisconsin_Barron
Black River Falls,United_States_Wisconsin_Black_River_Falls
Chilton,United_States_Wisconsin_Chilton
Chippewa Falls,United_States_Wisconsin_Chippewa_Falls
Crandon,United_States_Wisconsin_Crandon
Cudahy,United_States_Wisconsin_Cudahy
Darlington,United_States_Wisconsin_Darlington
Dodgeville,United_States_Wisconsin_Dodgeville
Durand,United_States_Wisconsin_Durand
Eagle River,United_States_Wisconsin_Eagle_River
Eau Claire,United_States_Wisconsin_Eau_Claire
Elkhorn,United_States_Wisconsin_Elkhorn
Ellsworth,United_States_Wisconsin_Ellsworth
Florence,United_States_Wisconsin_Florence
Fond du Lac,United_States_Wisconsin_Fond_du_Lac
Friendship,United_States_Wisconsin_Friendship
Green Bay,United_States_Wisconsin_Green_Bay
Gren Lake,United_States_Wisconsin_Gren_Lake
Hayward,United_States_Wisconsin_Hayward
Holmen,United_States_Wisconsin_Holmen
Hudson,United_States_Wisconsin_Hudson
Hurley,United_States_Wisconsin_Hurley
Ice Age National Scenic Trail,United_States_Wisconsin_Ice_Age_National_Scenic_Trail
Janesville,United_States_Wisconsin_Janesville
Jefferson,United_States_Wisconsin_Jefferson
Juneau,United_States_Wisconsin_Juneau
Kenosha,United_States_Wisconsin_Kenosha
Keshena,United_States_Wisconsin_Keshena
Kewaunee,United_States_Wisconsin_Kewaunee
Ladysmith,United_States_Wisconsin_Ladysmith
Lake Geneva,United_States_Wisconsin_Lake_Geneva
Lancaster,United_States_Wisconsin_Lancaster
La Crosse,United_States_Wisconsin_La_Crosse
Lone Rock,United_States_Wisconsin_Lone_Rock
Madison,United_States_Wisconsin_Madison
Manitowoc,United_States_Wisconsin_Manitowoc
Marinette,United_States_Wisconsin_Marinette
Mauston,United_States_Wisconsin_Mauston
Medford,United_States_Wisconsin_Medford
Menomonie,United_States_Wisconsin_Menomonie
Merrill,United_States_Wisconsin_Merrill
Milwaukee,United_States_Wisconsin_Milwaukee
Monroe,United_States_Wisconsin_Monroe
Montello,United_States_Wisconsin_Montello
Neenah,United_States_Wisconsin_Neenah
Neillsville,United_States_Wisconsin_Neillsville
Oconto,United_States_Wisconsin_Oconto
Onalaska,United_States_Wisconsin_Onalaska
Oshkosh,United_States_Wisconsin_Oshkosh
Phillips,United_States_Wisconsin_Phillips
Portage,United_States_Wisconsin_Portage
Port Washington,United_States_Wisconsin_Port_Washington
Poynette,United_States_Wisconsin_Poynette
Prairie du Chien,United_States_Wisconsin_Prairie_du_Chien
Presque Isle,United_States_Wisconsin_Presque_Isle
Racine,United_States_Wisconsin_Racine
Reedsburg,United_States_Wisconsin_Reedsburg
Rhinelander,United_States_Wisconsin_Rhinelander
Rice Lake,United_States_Wisconsin_Rice_Lake
Richland Center,United_States_Wisconsin_Richland_Center
Rosendale,United_States_Wisconsin_Rosendale
Saint Croix National Scenic River,United_States_Wisconsin_Saint_Croix_National_Scenic_River
Shawano,United_States_Wisconsin_Shawano
Sheboygan,United_States_Wisconsin_Sheboygan
Shell Lake,United_States_Wisconsin_Shell_Lake
Shullsburg,United_States_Wisconsin_Shullsburg
Siren,United_States_Wisconsin_Siren
Sparta,United_States_Wisconsin_Sparta
Stevens Point,United_States_Wisconsin_Stevens_Point
Sturgeon Bay,United_States_Wisconsin_Sturgeon_Bay
Superior,United_States_Wisconsin_Superior
Trevor,United_States_Wisconsin_Trevor
Viroqua,United_States_Wisconsin_Viroqua
Washburn,United_States_Wisconsin_Washburn
Waukesha,United_States_Wisconsin_Waukesha
Waupaca,United_States_Wisconsin_Waupaca
Waupun,United_States_Wisconsin_Waupun
Wausau,United_States_Wisconsin_Wausau
Wautoma,United_States_Wisconsin_Wautoma
Wauwatosa,United_States_Wisconsin_Wauwatosa
Westby,United_States_Wisconsin_Westby
West Bend,United_States_Wisconsin_West_Bend
Weyauwega,United_States_Wisconsin_Weyauwega
Whitehall,United_States_Wisconsin_Whitehall
Wisconsin Rapids,United_States_Wisconsin_Wisconsin_Rapids
