Abbeville,United_States_Alabama_Abbeville
Alexander City,United_States_Alabama_Alexander_City
Andalusia,United_States_Alabama_Andalusia
Anniston,United_States_Alabama_Anniston
Ashland,United_States_Alabama_Ashland
Athens,United_States_Alabama_Athens
Auburn,United_States_Alabama_Auburn
Bay Minette,United_States_Alabama_Bay_Minette
Birmingham,United_States_Alabama_Birmingham
Brewton,United_States_Alabama_Brewton
Butler,United_States_Alabama_Butler
Camden,United_States_Alabama_Camden
Carrollton,United_States_Alabama_Carrollton
Centre,United_States_Alabama_Centre
Centreville,United_States_Alabama_Centreville
Chatom,United_States_Alabama_Chatom
Clanton,United_States_Alabama_Clanton
Clayton,United_States_Alabama_Clayton
Columbiana,United_States_Alabama_Columbiana
Cullman,United_States_Alabama_Cullman
Dadeville,United_States_Alabama_Dadeville
Decatur,United_States_Alabama_Decatur
Dothan,United_States_Alabama_Dothan
Double Springs,United_States_Alabama_Double_Springs
Elberta,United_States_Alabama_Elberta
Enterprise,United_States_Alabama_Enterprise
Eutaw,United_States_Alabama_Eutaw
Evergreen,United_States_Alabama_Evergreen
Fairhope,United_States_Alabama_Fairhope
Fayette,United_States_Alabama_Fayette
Florence,United_States_Alabama_Florence
Fort Payne,United_States_Alabama_Fort_Payne
Gadsden,United_States_Alabama_Gadsden
Geneva,United_States_Alabama_Geneva
Greensboro,United_States_Alabama_Greensboro
Greenville,United_States_Alabama_Greenville
Grove Hill,United_States_Alabama_Grove_Hill
Gulf Shores,United_States_Alabama_Gulf_Shores
Guntersville,United_States_Alabama_Guntersville
Hamilton,United_States_Alabama_Hamilton
Hartford,United_States_Alabama_Hartford
Hartselle,United_States_Alabama_Hartselle
Hayneville,United_States_Alabama_Hayneville
Heflin,United_States_Alabama_Heflin
Horseshoe Bend National Military Park,United_States_Alabama_Horseshoe_Bend_National_Military_Park
Huntsville,United_States_Alabama_Huntsville
Jacksonville,United_States_Alabama_Jacksonville
Jasper,United_States_Alabama_Jasper
LaFayette,United_States_Alabama_LaFayette
Linden,United_States_Alabama_Linden
Little River Canyon,United_States_Alabama_Little_River_Canyon
Livingston,United_States_Alabama_Livingston
Luverne,United_States_Alabama_Luverne
Magnolia Springs,United_States_Alabama_Magnolia_Springs
Marion,United_States_Alabama_Marion
MarshallSpace Flight Center,United_States_Alabama_MarshallSpace_Flight_Center
Mobile,United_States_Alabama_Mobile
Monroeville,United_States_Alabama_Monroeville
Montgomery,United_States_Alabama_Montgomery
Moody,United_States_Alabama_Moody
Moulton,United_States_Alabama_Moulton
MSFC,United_States_Alabama_MSFC
New Brockton,United_States_Alabama_New_Brockton
Onenota,United_States_Alabama_Onenota
Opelika,United_States_Alabama_Opelika
Ozark,United_States_Alabama_Ozark
Pell City,United_States_Alabama_Pell_City
Phenix City,United_States_Alabama_Phenix_City
Prattville,United_States_Alabama_Prattville
Rockford,United_States_Alabama_Rockford
Russellville,United_States_Alabama_Russellville
Russell Cave,United_States_Alabama_Russell_Cave
Scottsboro,United_States_Alabama_Scottsboro
Selma,United_States_Alabama_Selma
Talladega,United_States_Alabama_Talladega
Troy,United_States_Alabama_Troy
Tuscaloosa,United_States_Alabama_Tuscaloosa
Tuscumbia,United_States_Alabama_Tuscumbia
Tuskegee Airmen National Historic Site,United_States_Alabama_Tuskegee_Airmen_National_Historic_Site
Tuskegee Institute,United_States_Alabama_Tuskegee_Institute
Union Springs,United_States_Alabama_Union_Springs
Vernon,United_States_Alabama_Vernon
Wedowee,United_States_Alabama_Wedowee
Wetumpka,United_States_Alabama_Wetumpka
