Apalachicola,United_States_Florida_Apalachicola
Arcadia,United_States_Florida_Arcadia
Archer,United_States_Florida_Archer
Bartow,United_States_Florida_Bartow
Belle Isle,United_States_Florida_Belle_Isle
Big Cypress National Preserve,United_States_Florida_Big_Cypress_National_Preserve
Biscayne National Park,United_States_Florida_Biscayne_National_Park
Blountstown,United_States_Florida_Blountstown
Boca Raton,United_States_Florida_Boca_Raton
Bonifay,United_States_Florida_Bonifay
Boynton Beach,United_States_Florida_Boynton_Beach
Bradenton,United_States_Florida_Bradenton
Bristol,United_States_Florida_Bristol
Bronson,United_States_Florida_Bronson
Brooksville,United_States_Florida_Brooksville
Bunnell,United_States_Florida_Bunnell
Bushnell,United_States_Florida_Bushnell
Canaveral National Seashore,United_States_Florida_Canaveral_National_Seashore
Cape Canaveral,United_States_Florida_Cape_Canaveral
Cape Coral,United_States_Florida_Cape_Coral
Casselberry,United_States_Florida_Casselberry
Castillo de San Marcos National Monument,United_States_Florida_Castillo_de_San_Marcos_National_Monument
Chiefland,United_States_Florida_Chiefland
Chipley,United_States_Florida_Chipley
Clearwater,United_States_Florida_Clearwater
Clermont,United_States_Florida_Clermont
Cocoa,United_States_Florida_Cocoa
Cocoa Beach,United_States_Florida_Cocoa_Beach
Coral Springs,United_States_Florida_Coral_Springs
Crawfordville,United_States_Florida_Crawfordville
Crescent City,United_States_Florida_Crescent_City
Crestview,United_States_Florida_Crestview
Cross City,United_States_Florida_Cross_City
Dade City,United_States_Florida_Dade_City
Daytona Beach,United_States_Florida_Daytona_Beach
DeFuniak Springs,United_States_Florida_DeFuniak_Springs
Delray Beach,United_States_Florida_Delray_Beach
Deltona,United_States_Florida_Deltona
Destin,United_States_Florida_Destin
De Land,United_States_Florida_De_Land
De Soto National Memorial,United_States_Florida_De_Soto_National_Memorial
Dry Tortugas National Park,United_States_Florida_Dry_Tortugas_National_Park
Dunedin,United_States_Florida_Dunedin
Englewood,United_States_Florida_Englewood
Everglades National Park,United_States_Florida_Everglades_National_Park
Fernandina Beach,United_States_Florida_Fernandina_Beach
Fort Caroline National Memorial,United_States_Florida_Fort_Caroline_National_Memorial
Fort Lauderdale,United_States_Florida_Fort_Lauderdale
Fort Matanzas National Monument,United_States_Florida_Fort_Matanzas_National_Monument
Fort Myers,United_States_Florida_Fort_Myers
Fort Pierce,United_States_Florida_Fort_Pierce
Fort Walton Beach,United_States_Florida_Fort_Walton_Beach
Gainesville,United_States_Florida_Gainesville
Green Cove Springs,United_States_Florida_Green_Cove_Springs
Gulf Breeze,United_States_Florida_Gulf_Breeze
Gulf Islands National Seashore,United_States_Florida_Gulf_Islands_National_Seashore
Hernando,United_States_Florida_Hernando
Hialeah,United_States_Florida_Hialeah
Hobe Sound,United_States_Florida_Hobe_Sound
Hollywood,United_States_Florida_Hollywood
Inglis,United_States_Florida_Inglis
Inverness,United_States_Florida_Inverness
Jacksonville,United_States_Florida_Jacksonville
Jasper,United_States_Florida_Jasper
Jensen Beach,United_States_Florida_Jensen_Beach
Jupiter,United_States_Florida_Jupiter
Kennedy Space Center,United_States_Florida_Kennedy_Space_Center
Key Largo,United_States_Florida_Key_Largo
Key West,United_States_Florida_Key_West
Kissimmee,United_States_Florida_Kissimmee
Lakeland,United_States_Florida_Lakeland
LAke Butler,United_States_Florida_LAke_Butler
Lake City,United_States_Florida_Lake_City
Lake Wales,United_States_Florida_Lake_Wales
Land O Lakes,United_States_Florida_Land_O_Lakes
La Belle,United_States_Florida_La_Belle
Lehigh Acres,United_States_Florida_Lehigh_Acres
Live Oak,United_States_Florida_Live_Oak
Lorida,United_States_Florida_Lorida
Loxahatchee,United_States_Florida_Loxahatchee
Lutz,United_States_Florida_Lutz
Macclenny,United_States_Florida_Macclenny
Madison,United_States_Florida_Madison
Marianna,United_States_Florida_Marianna
Mayo,United_States_Florida_Mayo
Melbourne,United_States_Florida_Melbourne
Merritt Island,United_States_Florida_Merritt_Island
Miami,United_States_Florida_Miami
Milton,United_States_Florida_Milton
Monticello,United_States_Florida_Monticello
Moore Haven,United_States_Florida_Moore_Haven
Naples,United_States_Florida_Naples
New Port Richey,United_States_Florida_New_Port_Richey
New Smyrna Beach,United_States_Florida_New_Smyrna_Beach
Niceville,United_States_Florida_Niceville
North Palm Beach,United_States_Florida_North_Palm_Beach
North Port,United_States_Florida_North_Port
Ocala,United_States_Florida_Ocala
Ocklawaha,United_States_Florida_Ocklawaha
Okeechobee,United_States_Florida_Okeechobee
Orange City,United_States_Florida_Orange_City
Orlando,United_States_Florida_Orlando
Palatka,United_States_Florida_Palatka
Palm Bay,United_States_Florida_Palm_Bay
Palm Beach Gardens,United_States_Florida_Palm_Beach_Gardens
Palm Coast,United_States_Florida_Palm_Coast
Panama City,United_States_Florida_Panama_City
Pembroke Pines,United_States_Florida_Pembroke_Pines
Pensacola,United_States_Florida_Pensacola
Perry,United_States_Florida_Perry
Plantation,United_States_Florida_Plantation
Polk City,United_States_Florida_Polk_City
Ponte Vedra,United_States_Florida_Ponte_Vedra
Port Charlotte,United_States_Florida_Port_Charlotte
Port Richey,United_States_Florida_Port_Richey
Port Saint Lucie,United_States_Florida_Port_Saint_Lucie
Port St. Joe,United_States_Florida_Port_St._Joe
Punta Gorda,United_States_Florida_Punta_Gorda
Quincy,United_States_Florida_Quincy
Saint Augustine,United_States_Florida_Saint_Augustine
Saint Petersburg,United_States_Florida_Saint_Petersburg
Sanford,United_States_Florida_Sanford
Sarasota,United_States_Florida_Sarasota
Sebastian,United_States_Florida_Sebastian
Sebring,United_States_Florida_Sebring
Spring Hill,United_States_Florida_Spring_Hill
Starke,United_States_Florida_Starke
Stuart,United_States_Florida_Stuart
Tallahassee,United_States_Florida_Tallahassee
Tampa,United_States_Florida_Tampa
Tavares,United_States_Florida_Tavares
Timucaun Ecological and Historical Preserve,United_States_Florida_Timucaun_Ecological_and_Historical_Preserve
Titusville,United_States_Florida_Titusville
Trenton,United_States_Florida_Trenton
Venice,United_States_Florida_Venice
Vero Beach,United_States_Florida_Vero_Beach
Wauchula,United_States_Florida_Wauchula
Wellborn,United_States_Florida_Wellborn
West Palm Beach,United_States_Florida_West_Palm_Beach
Wilton Manors,United_States_Florida_Wilton_Manors
Winter Haven,United_States_Florida_Winter_Haven
Zephyrhills,United_States_Florida_Zephyrhills
