Albion,United_States_Indiana_Albion
Anderson,United_States_Indiana_Anderson
Angola,United_States_Indiana_Angola
Auburn,United_States_Indiana_Auburn
Batesville,United_States_Indiana_Batesville
Beanblossom,United_States_Indiana_Beanblossom
Bedford,United_States_Indiana_Bedford
Bloomfield,United_States_Indiana_Bloomfield
Bloomington,United_States_Indiana_Bloomington
Bluffton,United_States_Indiana_Bluffton
Boonville,United_States_Indiana_Boonville
Brazil,United_States_Indiana_Brazil
Brookville,United_States_Indiana_Brookville
Brownsburg,United_States_Indiana_Brownsburg
Brownstown,United_States_Indiana_Brownstown
Chesterton,United_States_Indiana_Chesterton
Columbia City,United_States_Indiana_Columbia_City
Columbus,United_States_Indiana_Columbus
Connersville,United_States_Indiana_Connersville
Corydon,United_States_Indiana_Corydon
Covington,United_States_Indiana_Covington
Crawfordsville,United_States_Indiana_Crawfordsville
Cross Plains,United_States_Indiana_Cross_Plains
Crown Point,United_States_Indiana_Crown_Point
Danville,United_States_Indiana_Danville
Decatur,United_States_Indiana_Decatur
Delphi,United_States_Indiana_Delphi
Edinburg,United_States_Indiana_Edinburg
Elkhart,United_States_Indiana_Elkhart
English,United_States_Indiana_English
Evansville,United_States_Indiana_Evansville
Fairland,United_States_Indiana_Fairland
Fishers,United_States_Indiana_Fishers
Fort Wayne,United_States_Indiana_Fort_Wayne
Fowler,United_States_Indiana_Fowler
Frankfort,United_States_Indiana_Frankfort
Franklin,United_States_Indiana_Franklin
Gary,United_States_Indiana_Gary
George Rogers Clark National Historical Park,United_States_Indiana_George_Rogers_Clark_National_Historical_Park
Goshen,United_States_Indiana_Goshen
Granger,United_States_Indiana_Granger
Greencastle,United_States_Indiana_Greencastle
Greenfield,United_States_Indiana_Greenfield
Greensburg,United_States_Indiana_Greensburg
Greenwood,United_States_Indiana_Greenwood
Hartford City,United_States_Indiana_Hartford_City
Highland,United_States_Indiana_Highland
Huntington,United_States_Indiana_Huntington
Indianapolis,United_States_Indiana_Indianapolis
Indiana Dunes National Lakeshore,United_States_Indiana_Indiana_Dunes_National_Lakeshore
Jasper,United_States_Indiana_Jasper
Jeffersonville,United_States_Indiana_Jeffersonville
Kentland,United_States_Indiana_Kentland
Knox,United_States_Indiana_Knox
Kokomo,United_States_Indiana_Kokomo
Lafayette,United_States_Indiana_Lafayette
LaGrange,United_States_Indiana_LaGrange
Lawrenceburg,United_States_Indiana_Lawrenceburg
La Porte,United_States_Indiana_La_Porte
Lebanon,United_States_Indiana_Lebanon
Liberty,United_States_Indiana_Liberty
Lincoln Boyhood National Memorial,United_States_Indiana_Lincoln_Boyhood_National_Memorial
Logansport,United_States_Indiana_Logansport
Loogootee,United_States_Indiana_Loogootee
Madison,United_States_Indiana_Madison
Marion,United_States_Indiana_Marion
Martinsville,United_States_Indiana_Martinsville
Milford,United_States_Indiana_Milford
Mishawaka,United_States_Indiana_Mishawaka
Mitchell,United_States_Indiana_Mitchell
Monticello,United_States_Indiana_Monticello
Morristown,United_States_Indiana_Morristown
Mount Vernon,United_States_Indiana_Mount_Vernon
Muncie,United_States_Indiana_Muncie
Munster,United_States_Indiana_Munster
Nashville,United_States_Indiana_Nashville
Newburgh,United_States_Indiana_Newburgh
Newport,United_States_Indiana_Newport
New Albany,United_States_Indiana_New_Albany
New Castle,United_States_Indiana_New_Castle
Noblesville,United_States_Indiana_Noblesville
Paoli,United_States_Indiana_Paoli
Peru,United_States_Indiana_Peru
Petersburg,United_States_Indiana_Petersburg
Plymouth,United_States_Indiana_Plymouth
Portage,United_States_Indiana_Portage
Portland,United_States_Indiana_Portland
Princeton,United_States_Indiana_Princeton
Reelsville,United_States_Indiana_Reelsville
Rensselaer,United_States_Indiana_Rensselaer
Richmond,United_States_Indiana_Richmond
Rising Sun,United_States_Indiana_Rising_Sun
Rochester,United_States_Indiana_Rochester
rockport,United_States_Indiana_rockport
Rockville,United_States_Indiana_Rockville
Rolling Prairie,United_States_Indiana_Rolling_Prairie
Rushville,United_States_Indiana_Rushville
Salem,United_States_Indiana_Salem
Schererville,United_States_Indiana_Schererville
Scottsburg,United_States_Indiana_Scottsburg
Shelbyville,United_States_Indiana_Shelbyville
Shoals,United_States_Indiana_Shoals
South Bend,United_States_Indiana_South_Bend
Spencer,United_States_Indiana_Spencer
Sullivan,United_States_Indiana_Sullivan
Tell City,United_States_Indiana_Tell_City
Terre Haute,United_States_Indiana_Terre_Haute
Tipton,United_States_Indiana_Tipton
Valparaiso,United_States_Indiana_Valparaiso
Vernon,United_States_Indiana_Vernon
Versallies,United_States_Indiana_Versallies
Vevay,United_States_Indiana_Vevay
Vincennes,United_States_Indiana_Vincennes
Wabash,United_States_Indiana_Wabash
Warsaw,United_States_Indiana_Warsaw
Washington,United_States_Indiana_Washington
Westport,United_States_Indiana_Westport
Westville,United_States_Indiana_Westville
West Lafayette,United_States_Indiana_West_Lafayette
Williamsport,United_States_Indiana_Williamsport
Winamac,United_States_Indiana_Winamac
Winchester,United_States_Indiana_Winchester
