Abraham Lincoln Birthplace National Historic Site,United_States_Kentucky_Abraham_Lincoln_Birthplace_National_Historic_Site
Albany,United_States_Kentucky_Albany
Alexandria,United_States_Kentucky_Alexandria
Ashland,United_States_Kentucky_Ashland
Barbourville,United_States_Kentucky_Barbourville
Bardstown,United_States_Kentucky_Bardstown
Bardwell,United_States_Kentucky_Bardwell
Beattyville,United_States_Kentucky_Beattyville
Bedford,United_States_Kentucky_Bedford
Benton,United_States_Kentucky_Benton
Berea,United_States_Kentucky_Berea
Booneville,United_States_Kentucky_Booneville
Bowling Green,United_States_Kentucky_Bowling_Green
Brandenburg,United_States_Kentucky_Brandenburg
Brooksville,United_States_Kentucky_Brooksville
Brownsville,United_States_Kentucky_Brownsville
Brwonsville,United_States_Kentucky_Brwonsville
Burkesville,United_States_Kentucky_Burkesville
Burlington,United_States_Kentucky_Burlington
Cadiz,United_States_Kentucky_Cadiz
Calhoun,United_States_Kentucky_Calhoun
Campbellsville,United_States_Kentucky_Campbellsville
Campton,United_States_Kentucky_Campton
Carlisle,United_States_Kentucky_Carlisle
Carrollton,United_States_Kentucky_Carrollton
Catlettsburg,United_States_Kentucky_Catlettsburg
Clinton,United_States_Kentucky_Clinton
Columbia,United_States_Kentucky_Columbia
Covington,United_States_Kentucky_Covington
Cynthiana,United_States_Kentucky_Cynthiana
Danville,United_States_Kentucky_Danville
Dixon,United_States_Kentucky_Dixon
Eddyville,United_States_Kentucky_Eddyville
Edmonton,United_States_Kentucky_Edmonton
Elizabethtown,United_States_Kentucky_Elizabethtown
Elkton,United_States_Kentucky_Elkton
Falmouth,United_States_Kentucky_Falmouth
Flemmingsburg,United_States_Kentucky_Flemmingsburg
Fort Knox,United_States_Kentucky_Fort_Knox
Frankfort,United_States_Kentucky_Frankfort
Franklin,United_States_Kentucky_Franklin
Frenchburg,United_States_Kentucky_Frenchburg
Georgetown,United_States_Kentucky_Georgetown
Gilbertsville,United_States_Kentucky_Gilbertsville
Glasgow,United_States_Kentucky_Glasgow
Grayson,United_States_Kentucky_Grayson
Greensburg,United_States_Kentucky_Greensburg
Greenup,United_States_Kentucky_Greenup
Greenville,United_States_Kentucky_Greenville
Hardinsburg,United_States_Kentucky_Hardinsburg
Harlan,United_States_Kentucky_Harlan
Harrodsburg,United_States_Kentucky_Harrodsburg
Hartford,United_States_Kentucky_Hartford
Hawesville,United_States_Kentucky_Hawesville
Hazard,United_States_Kentucky_Hazard
Henderson,United_States_Kentucky_Henderson
Hickman,United_States_Kentucky_Hickman
Hindman,United_States_Kentucky_Hindman
Hodgenville,United_States_Kentucky_Hodgenville
Hopkinsville,United_States_Kentucky_Hopkinsville
Hyden,United_States_Kentucky_Hyden
Inez,United_States_Kentucky_Inez
Irvine,United_States_Kentucky_Irvine
Jackson,United_States_Kentucky_Jackson
Jamestown,United_States_Kentucky_Jamestown
Lancaster,United_States_Kentucky_Lancaster
Lawrenceburg,United_States_Kentucky_Lawrenceburg
La Grange,United_States_Kentucky_La_Grange
Lebanon,United_States_Kentucky_Lebanon
Leitchfield,United_States_Kentucky_Leitchfield
Lexington,United_States_Kentucky_Lexington
Liberty,United_States_Kentucky_Liberty
London,United_States_Kentucky_London
Louisa,United_States_Kentucky_Louisa
Louisville,United_States_Kentucky_Louisville
Madisonville,United_States_Kentucky_Madisonville
Mammoth Cave National Park,United_States_Kentucky_Mammoth_Cave_National_Park
Manchester,United_States_Kentucky_Manchester
Marion,United_States_Kentucky_Marion
Mayfield,United_States_Kentucky_Mayfield
Maysville,United_States_Kentucky_Maysville
McKee,United_States_Kentucky_McKee
Monticello,United_States_Kentucky_Monticello
Morehead,United_States_Kentucky_Morehead
Morganfield,United_States_Kentucky_Morganfield
Morgantown,United_States_Kentucky_Morgantown
Mount Olivet,United_States_Kentucky_Mount_Olivet
Mount Sterling,United_States_Kentucky_Mount_Sterling
Mount Vernon,United_States_Kentucky_Mount_Vernon
Munfordville,United_States_Kentucky_Munfordville
Murray,United_States_Kentucky_Murray
New Castle,United_States_Kentucky_New_Castle
Nicholasville,United_States_Kentucky_Nicholasville
Owensboro,United_States_Kentucky_Owensboro
Owenton,United_States_Kentucky_Owenton
Owingsville,United_States_Kentucky_Owingsville
Paducah,United_States_Kentucky_Paducah
Paintsville,United_States_Kentucky_Paintsville
Paris,United_States_Kentucky_Paris
Pembroke,United_States_Kentucky_Pembroke
Pikeville,United_States_Kentucky_Pikeville
Pineville,United_States_Kentucky_Pineville
Prestonburg,United_States_Kentucky_Prestonburg
Princeton,United_States_Kentucky_Princeton
Richmond,United_States_Kentucky_Richmond
Russellville,United_States_Kentucky_Russellville
Salyersville,United_States_Kentucky_Salyersville
Sandy Hook,United_States_Kentucky_Sandy_Hook
Scottsville,United_States_Kentucky_Scottsville
Shelbyville,United_States_Kentucky_Shelbyville
Shepherdsville,United_States_Kentucky_Shepherdsville
Smithland,United_States_Kentucky_Smithland
Somerset,United_States_Kentucky_Somerset
Springfield,United_States_Kentucky_Springfield
Stanford,United_States_Kentucky_Stanford
Stanton,United_States_Kentucky_Stanton
Sturgis,United_States_Kentucky_Sturgis
Taylorsville,United_States_Kentucky_Taylorsville
Tompkinsville,United_States_Kentucky_Tompkinsville
Vanceburg,United_States_Kentucky_Vanceburg
Versailles,United_States_Kentucky_Versailles
Warsaw,United_States_Kentucky_Warsaw
West Liberty,United_States_Kentucky_West_Liberty
Whitesburg,United_States_Kentucky_Whitesburg
Whitley City,United_States_Kentucky_Whitley_City
Wickliffe,United_States_Kentucky_Wickliffe
Williamsburg,United_States_Kentucky_Williamsburg
Williamstown,United_States_Kentucky_Williamstown
Winchester,United_States_Kentucky_Winchester
