Carson City,United_States_Nevada_Carson_City
Elko,United_States_Nevada_Elko
Ely,United_States_Nevada_Ely
Fallon,United_States_Nevada_Fallon
Great Basin National Park,United_States_Nevada_Great_Basin_National_Park
Las Vegas,United_States_Nevada_Las_Vegas
Mesquite,United_States_Nevada_Mesquite
Reno,United_States_Nevada_Reno
Silver Springs,United_States_Nevada_Silver_Springs
Tonopah,United_States_Nevada_Tonopah
Winnemucca,United_States_Nevada_Winnemucca
