Canberra,Australia_ACT_Canberra
Albury,Australia_New_South_Wales_Albury
Armidale,Australia_New_South_Wales_Armidale
Broken Hill,Australia_New_South_Wales_Broken_Hill
Casino,Australia_New_South_Wales_Casino
Cessnock,Australia_New_South_Wales_Cessnock
Coffs Harbour,Australia_New_South_Wales_Coffs_Harbour
Coonabarabran,Australia_New_South_Wales_Coonabarabran
Cootamundra,Australia_New_South_Wales_Cootamundra
Forster,Australia_New_South_Wales_Forster
Grafton,Australia_New_South_Wales_Grafton
Griffith,Australia_New_South_Wales_Griffith
Khancoban,Australia_New_South_Wales_Khancoban
Kurri Kurri,Australia_New_South_Wales_Kurri_Kurri
Lake Macquarie,Australia_New_South_Wales_Lake_Macquarie
Lismore,Australia_New_South_Wales_Lismore
Lithgow,Australia_New_South_Wales_Lithgow
Nelson Bay,Australia_New_South_Wales_Nelson_Bay
Newcastle,Australia_New_South_Wales_Newcastle
Parkes,Australia_New_South_Wales_Parkes
Penrith,Australia_New_South_Wales_Penrith
Sydney,Australia_New_South_Wales_Sydney
Tamworth,Australia_New_South_Wales_Tamworth
Tweed Heads,Australia_New_South_Wales_Tweed_Heads
Wagga Wagga,Australia_New_South_Wales_Wagga_Wagga
Wollongong,Australia_New_South_Wales_Wollongong
Kingston,Australia_Norfolk_Island_Kingston
Alice Springs,Australia_Northern_Territory_Alice_Springs
Darwin,Australia_Northern_Territory_Darwin
Katherine,Australia_Northern_Territory_Katherine
Bowen,Australia_Queensland_Bowen
Brisbane,Australia_Queensland_Brisbane
Cairns,Australia_Queensland_Cairns
Caloundra,Australia_Queensland_Caloundra
Emerald,Australia_Queensland_Emerald
Gladstone,Australia_Queensland_Gladstone
Mackay,Australia_Queensland_Mackay
Maryborough,Australia_Queensland_Maryborough
Rockhampton,Australia_Queensland_Rockhampton
Toowoomba,Australia_Queensland_Toowoomba
Townsville,Australia_Queensland_Townsville
Adelaide,Australia_South_Australia_Adelaide
Leigh Creek,Australia_South_Australia_Leigh_Creek
Peterborough,Australia_South_Australia_Peterborough
Woomera,Australia_South_Australia_Woomera
Burnie,Australia_Tasmania_Burnie
Hobart,Australia_Tasmania_Hobart
Launceston,Australia_Tasmania_Launceston
Ballarat,Australia_Victoria_Ballarat
Benalla,Australia_Victoria_Benalla
Bendigo,Australia_Victoria_Bendigo
Cobram,Australia_Victoria_Cobram
Dandenong,Australia_Victoria_Dandenong
Melbourne,Australia_Victoria_Melbourne
Mildura,Australia_Victoria_Mildura
Pakenham,Australia_Victoria_Pakenham
Sale,Australia_Victoria_Sale
Shepparton,Australia_Victoria_Shepparton
Sunbury,Australia_Victoria_Sunbury
Traralgon,Australia_Victoria_Traralgon
Tylden,Australia_Victoria_Tylden
Warrnambool,Australia_Victoria_Warrnambool
Yarram,Australia_Victoria_Yarram
Albany,Australia_Western_Australia_Albany
Augusta,Australia_Western_Australia_Augusta
Balladonia,Australia_Western_Australia_Balladonia
Broome,Australia_Western_Australia_Broome
Bunbury,Australia_Western_Australia_Bunbury
Carnarvon,Australia_Western_Australia_Carnarvon
Cocklebiddy,Australia_Western_Australia_Cocklebiddy
Derby,Australia_Western_Australia_Derby
Esperance,Australia_Western_Australia_Esperance
Eucla,Australia_Western_Australia_Eucla
Exmouth,Australia_Western_Australia_Exmouth
Fitzroy Crossing,Australia_Western_Australia_Fitzroy_Crossing
Geraldton,Australia_Western_Australia_Geraldton
Kalgoorlie,Australia_Western_Australia_Kalgoorlie
Karratha,Australia_Western_Australia_Karratha
Kununurra,Australia_Western_Australia_Kununurra
Lake Grace,Australia_Western_Australia_Lake_Grace
Laverton,Australia_Western_Australia_Laverton
Manjimup,Australia_Western_Australia_Manjimup
Meekatharra,Australia_Western_Australia_Meekatharra
Merredin,Australia_Western_Australia_Merredin
Mount Magnet,Australia_Western_Australia_Mount_Magnet
Norseman,Australia_Western_Australia_Norseman
Northam,Australia_Western_Australia_Northam
Perth,Australia_Western_Australia_Perth
Port Hedland,Australia_Western_Australia_Port_Hedland
Rawlinna,Australia_Western_Australia_Rawlinna
Southern Cross,Australia_Western_Australia_Southern_Cross
Tom Price,Australia_Western_Australia_Tom_Price
Wagin,Australia_Western_Australia_Wagin
Warburton,Australia_Western_Australia_Warburton
Wiluna,Australia_Western_Australia_Wiluna
Wubin,Australia_Western_Australia_Wubin
Wyndham,Australia_Western_Australia_Wyndham
Yampi Sound,Australia_Western_Australia_Yampi_Sound
