Calgary,Canada_Alberta_Calgary
Camrose,Canada_Alberta_Camrose
Cold Lake,Canada_Alberta_Cold_Lake
Drayton Valley,Canada_Alberta_Drayton_Valley
Edmonton,Canada_Alberta_Edmonton
Fort McMurray,Canada_Alberta_Fort_McMurray
Fort Saskatchewan,Canada_Alberta_Fort_Saskatchewan
Grande Prairie,Canada_Alberta_Grande_Prairie
Lac La Biche,Canada_Alberta_Lac_La_Biche
Lethbridge,Canada_Alberta_Lethbridge
Lloydminster,Canada_Alberta_Lloydminster
Medicine Hat,Canada_Alberta_Medicine_Hat
Millet,Canada_Alberta_Millet
Red Deer,Canada_Alberta_Red_Deer
Rocky Mountain House,Canada_Alberta_Rocky_Mountain_House
Westlock,Canada_Alberta_Westlock
100 Mile House,Canada_British_Columbia_100_Mile_House
Abbotsford,Canada_British_Columbia_Abbotsford
Burnaby,Canada_British_Columbia_Burnaby
Castlegar,Canada_British_Columbia_Castlegar
Chetwynd,Canada_British_Columbia_Chetwynd
Chilliwack,Canada_British_Columbia_Chilliwack
Coquitlam,Canada_British_Columbia_Coquitlam
Courtenay,Canada_British_Columbia_Courtenay
Cranbrook,Canada_British_Columbia_Cranbrook
Creston,Canada_British_Columbia_Creston
Fort Saint John,Canada_British_Columbia_Fort_Saint_John
Gold River,Canada_British_Columbia_Gold_River
Kamloops,Canada_British_Columbia_Kamloops
Kelowna,Canada_British_Columbia_Kelowna
Kimberley,Canada_British_Columbia_Kimberley
Merritt,Canada_British_Columbia_Merritt
Nanaimo,Canada_British_Columbia_Nanaimo
Nelson,Canada_British_Columbia_Nelson
Penticton,Canada_British_Columbia_Penticton
Port Alberni,Canada_British_Columbia_Port_Alberni
Powell River,Canada_British_Columbia_Powell_River
Prince George,Canada_British_Columbia_Prince_George
Richmond,Canada_British_Columbia_Richmond
Sandspit,Canada_British_Columbia_Sandspit
Sidney,Canada_British_Columbia_Sidney
Surrey,Canada_British_Columbia_Surrey
Terrace,Canada_British_Columbia_Terrace
Vancouver,Canada_British_Columbia_Vancouver
Vernon,Canada_British_Columbia_Vernon
Victoria,Canada_British_Columbia_Victoria
Williams Lake,Canada_British_Columbia_Williams_Lake
Brandon,Canada_Manitoba_Brandon
Carman,Canada_Manitoba_Carman
Gypsumville,Canada_Manitoba_Gypsumville
Neepawa,Canada_Manitoba_Neepawa
Peguis,Canada_Manitoba_Peguis
Portage La Prairie,Canada_Manitoba_Portage_La_Prairie
The Pas,Canada_Manitoba_The_Pas
Thompson,Canada_Manitoba_Thompson
Virden,Canada_Manitoba_Virden
Winnipeg,Canada_Manitoba_Winnipeg
Baie Verte,Canada_Newfoundland_Baie_Verte
Corner Brook,Canada_Newfoundland_Corner_Brook
Goose Bay,Canada_Newfoundland_Goose_Bay
Grand Falls,Canada_Newfoundland_Grand_Falls
Hants Harbour,Canada_Newfoundland_Hants_Harbour
Saint Johns,Canada_Newfoundland_Saint_Johns
Trout River,Canada_Newfoundland_Trout_River
Bathurst,Canada_New_Brunswick_Bathurst
Campbellton,Canada_New_Brunswick_Campbellton
Fredericton,Canada_New_Brunswick_Fredericton
Miramichi,Canada_New_Brunswick_Miramichi
Moncton,Canada_New_Brunswick_Moncton
Saint John,Canada_New_Brunswick_Saint_John
Bridgewater,Canada_Nova_Scotia_Bridgewater
Halifax,Canada_Nova_Scotia_Halifax
Kentville,Canada_Nova_Scotia_Kentville
Sherbrooke,Canada_Nova_Scotia_Sherbrooke
Sydney,Canada_Nova_Scotia_Sydney
Truro,Canada_Nova_Scotia_Truro
Cambridge Bay,Canada_NW_Territories_Cambridge_Bay
Iqaluit,Canada_NW_Territories_Iqaluit
Yellowknife,Canada_NW_Territories_Yellowknife
Aylmer,Canada_Ontario_Aylmer
Bancroft,Canada_Ontario_Bancroft
Barrie,Canada_Ontario_Barrie
Bath,Canada_Ontario_Bath
Belleville,Canada_Ontario_Belleville
Bowmanville,Canada_Ontario_Bowmanville
Brampton,Canada_Ontario_Brampton
Burlington,Canada_Ontario_Burlington
Cambridge,Canada_Ontario_Cambridge
Chatham,Canada_Ontario_Chatham
Cobourg,Canada_Ontario_Cobourg
Cookstown,Canada_Ontario_Cookstown
Cornwall,Canada_Ontario_Cornwall
Dryden,Canada_Ontario_Dryden
Elliot Lake,Canada_Ontario_Elliot_Lake
Georgetown,Canada_Ontario_Georgetown
Gore Bay,Canada_Ontario_Gore_Bay
Grand Bend,Canada_Ontario_Grand_Bend
Greater Sudbury,Canada_Ontario_Greater_Sudbury
Guelph,Canada_Ontario_Guelph
Hamilton,Canada_Ontario_Hamilton
Hornepayne,Canada_Ontario_Hornepayne
Huntsville,Canada_Ontario_Huntsville
Ingleside,Canada_Ontario_Ingleside
Kearney,Canada_Ontario_Kearney
Kenora,Canada_Ontario_Kenora
Keswick,Canada_Ontario_Keswick
Kincardine,Canada_Ontario_Kincardine
Kingston,Canada_Ontario_Kingston
Kitchener,Canada_Ontario_Kitchener
La Salle,Canada_Ontario_La_Salle
Lindsay,Canada_Ontario_Lindsay
London,Canada_Ontario_London
Markham,Canada_Ontario_Markham
Milton,Canada_Ontario_Milton
Mississauga,Canada_Ontario_Mississauga
Moosonee,Canada_Ontario_Moosonee
Newmarket,Canada_Ontario_Newmarket
Niagara Falls,Canada_Ontario_Niagara_Falls
North Bay,Canada_Ontario_North_Bay
Oakville,Canada_Ontario_Oakville
Oshawa,Canada_Ontario_Oshawa
Ottawa,Canada_Ontario_Ottawa
Owen Sound,Canada_Ontario_Owen_Sound
Pembroke,Canada_Ontario_Pembroke
Peterborough,Canada_Ontario_Peterborough
Pickering,Canada_Ontario_Pickering
Port Sydney,Canada_Ontario_Port_Sydney
Richmond Hill,Canada_Ontario_Richmond_Hill
Saint Catharines,Canada_Ontario_Saint_Catharines
Sarnia,Canada_Ontario_Sarnia
Sault Sainte Marie,Canada_Ontario_Sault_Sainte_Marie
Simcoe,Canada_Ontario_Simcoe
Stratford,Canada_Ontario_Stratford
Sudbury,Canada_Ontario_Sudbury
Thornbury,Canada_Ontario_Thornbury
Thunder Bay,Canada_Ontario_Thunder_Bay
Timmins,Canada_Ontario_Timmins
Toronto,Canada_Ontario_Toronto
Vaughan,Canada_Ontario_Vaughan
Waterdown,Canada_Ontario_Waterdown
Waterloo,Canada_Ontario_Waterloo
Watford,Canada_Ontario_Watford
Wawa,Canada_Ontario_Wawa
Whitby,Canada_Ontario_Whitby
Windsor,Canada_Ontario_Windsor
Woodstock,Canada_Ontario_Woodstock
Charlottetown,Canada_Prince_Edward_Isl_Charlottetown
Alma,Canada_Quebec_Alma
Amqui,Canada_Quebec_Amqui
Baie Comeau,Canada_Quebec_Baie_Comeau
Beauharnois,Canada_Quebec_Beauharnois
Boucherville,Canada_Quebec_Boucherville
Cap De La Madeleine,Canada_Quebec_Cap_De_La_Madeleine
Chandler,Canada_Quebec_Chandler
Chibougamau,Canada_Quebec_Chibougamau
Chicoutimi,Canada_Quebec_Chicoutimi
Chisasibi,Canada_Quebec_Chisasibi
Deauville,Canada_Quebec_Deauville
Gaspe,Canada_Quebec_Gaspe
Gatineau,Canada_Quebec_Gatineau
Grand Riviere,Canada_Quebec_Grand_Riviere
Hull,Canada_Quebec_Hull
Huntingdon,Canada_Quebec_Huntingdon
Laval,Canada_Quebec_Laval
La Tuque,Canada_Quebec_La_Tuque
Levis,Canada_Quebec_Levis
Longeuil,Canada_Quebec_Longeuil
Mirabel,Canada_Quebec_Mirabel
Mistassini,Canada_Quebec_Mistassini
Mobile Servicing System Operations Complex Saint Hubert,Canada_Quebec_Mobile_Servicing_System_Operations_Complex_Saint_Hubert
Montreal,Canada_Quebec_Montreal
Quebec,Canada_Quebec_Quebec
Rimouski,Canada_Quebec_Rimouski
Saguenay,Canada_Quebec_Saguenay
Saint Constant,Canada_Quebec_Saint_Constant
Saint Georges,Canada_Quebec_Saint_Georges
Saint Jerome,Canada_Quebec_Saint_Jerome
Saint Jovite,Canada_Quebec_Saint_Jovite
Saint Polycarpe,Canada_Quebec_Saint_Polycarpe
Sherbrooke,Canada_Quebec_Sherbrooke
Sorel,Canada_Quebec_Sorel
Terrebonne,Canada_Quebec_Terrebonne
Thetford Mines,Canada_Quebec_Thetford_Mines
Trois-Rivieres,Canada_Quebec_Trois-Rivieres
Val d Or,Canada_Quebec_Val_d_Or
Estevan,Canada_Saskatchewan_Estevan
Lucky Lake,Canada_Saskatchewan_Lucky_Lake
Moose Jaw,Canada_Saskatchewan_Moose_Jaw
North Battleford,Canada_Saskatchewan_North_Battleford
Prince Albert,Canada_Saskatchewan_Prince_Albert
Regina,Canada_Saskatchewan_Regina
Saskatoon,Canada_Saskatchewan_Saskatoon
Watrous,Canada_Saskatchewan_Watrous
Yorkton,Canada_Saskatchewan_Yorkton
Whitehorse,Canada_Yukon_Territory_Whitehorse
