Auckland,New_Zealand_None_Auckland
Blenheim,New_Zealand_None_Blenheim
Christchurch,New_Zealand_None_Christchurch
Dunedin,New_Zealand_None_Dunedin
Gisborne,New_Zealand_None_Gisborne
Greymouth,New_Zealand_None_Greymouth
Hamilton,New_Zealand_None_Hamilton
Invercargill,New_Zealand_None_Invercargill
Napier,New_Zealand_None_Napier
Nelson,New_Zealand_None_Nelson
New Plymouth,New_Zealand_None_New_Plymouth
Oamaru,New_Zealand_None_Oamaru
Opotiki,New_Zealand_None_Opotiki
Palmerston North,New_Zealand_None_Palmerston_North
Queenstown,New_Zealand_None_Queenstown
Rotorua,New_Zealand_None_Rotorua
Wanganui,New_Zealand_None_Wanganui
Wellington,New_Zealand_None_Wellington
Whakatane,New_Zealand_None_Whakatane
Whangarei,New_Zealand_None_Whangarei
