Georgetown,United_Kingdom_Ascension_Island_Georgetown
Ambleside,United_Kingdom_England_Ambleside
Ashford,United_Kingdom_England_Ashford
Barnstaple,United_Kingdom_England_Barnstaple
Basingstoke,United_Kingdom_England_Basingstoke
Bath,United_Kingdom_England_Bath
Berwick-Upon-Tweed,United_Kingdom_England_Berwick-Upon-Tweed
Birmingham,United_Kingdom_England_Birmingham
Bishops Stortford,United_Kingdom_England_Bishops_Stortford
Blackpool,United_Kingdom_England_Blackpool
Boston,United_Kingdom_England_Boston
Bournemouth,United_Kingdom_England_Bournemouth
Bracknell,United_Kingdom_England_Bracknell
Bradford,United_Kingdom_England_Bradford
Brighton,United_Kingdom_England_Brighton
Bristol,United_Kingdom_England_Bristol
Bromley,United_Kingdom_England_Bromley
Cambridge,United_Kingdom_England_Cambridge
Canterbury,United_Kingdom_England_Canterbury
Canvey Island,United_Kingdom_England_Canvey_Island
Carlisle,United_Kingdom_England_Carlisle
Chelmsford,United_Kingdom_England_Chelmsford
Cheltenham,United_Kingdom_England_Cheltenham
Chester,United_Kingdom_England_Chester
Corsham,United_Kingdom_England_Corsham
Coventry,United_Kingdom_England_Coventry
Derby,United_Kingdom_England_Derby
Dorking,United_Kingdom_England_Dorking
Durham,United_Kingdom_England_Durham
Eastbourne,United_Kingdom_England_Eastbourne
East Grinstead,United_Kingdom_England_East_Grinstead
Ely,United_Kingdom_England_Ely
Evesham,United_Kingdom_England_Evesham
Exeter,United_Kingdom_England_Exeter
Faringdon,United_Kingdom_England_Faringdon
Farnborough,United_Kingdom_England_Farnborough
Farnham,United_Kingdom_England_Farnham
Faversham,United_Kingdom_England_Faversham
Folkestone,United_Kingdom_England_Folkestone
Fordham,United_Kingdom_England_Fordham
Freshwater,United_Kingdom_England_Freshwater
Gloucester,United_Kingdom_England_Gloucester
Grantham,United_Kingdom_England_Grantham
Gravesend,United_Kingdom_England_Gravesend
Great Ayton,United_Kingdom_England_Great_Ayton
Grimsby,United_Kingdom_England_Grimsby
Guildford,United_Kingdom_England_Guildford
Halstead,United_Kingdom_England_Halstead
Hastings,United_Kingdom_England_Hastings
Hull,United_Kingdom_England_Hull
Ipswich,United_Kingdom_England_Ipswich
Kendal,United_Kingdom_England_Kendal
Kettering,United_Kingdom_England_Kettering
Kidderminster,United_Kingdom_England_Kidderminster
Kings Lynn,United_Kingdom_England_Kings_Lynn
Lancaster,United_Kingdom_England_Lancaster
Leeds,United_Kingdom_England_Leeds
Leicester,United_Kingdom_England_Leicester
Lewes,United_Kingdom_England_Lewes
Lincoln,United_Kingdom_England_Lincoln
Liverpool,United_Kingdom_England_Liverpool
London,United_Kingdom_England_London
Long Eaton,United_Kingdom_England_Long_Eaton
Loughborough,United_Kingdom_England_Loughborough
Luton,United_Kingdom_England_Luton
Maidstone,United_Kingdom_England_Maidstone
Malmesbury,United_Kingdom_England_Malmesbury
Manchester,United_Kingdom_England_Manchester
Margate,United_Kingdom_England_Margate
Marlborough,United_Kingdom_England_Marlborough
Middlesbrough,United_Kingdom_England_Middlesbrough
Milton Keynes,United_Kingdom_England_Milton_Keynes
Newcastle,United_Kingdom_England_Newcastle
Newent,United_Kingdom_England_Newent
Newmarket,United_Kingdom_England_Newmarket
Newport,United_Kingdom_England_Newport
Northampton,United_Kingdom_England_Northampton
Norwich,United_Kingdom_England_Norwich
Nottingham,United_Kingdom_England_Nottingham
Nuneaton,United_Kingdom_England_Nuneaton
Otley,United_Kingdom_England_Otley
Oxford,United_Kingdom_England_Oxford
Peterborough,United_Kingdom_England_Peterborough
Plymouth,United_Kingdom_England_Plymouth
Poole,United_Kingdom_England_Poole
Portsmouth,United_Kingdom_England_Portsmouth
Preston,United_Kingdom_England_Preston
Radlett,United_Kingdom_England_Radlett
Reading,United_Kingdom_England_Reading
Rugeley,United_Kingdom_England_Rugeley
Saint Albans,United_Kingdom_England_Saint_Albans
Saint Helens,United_Kingdom_England_Saint_Helens
Saint Helier,United_Kingdom_England_Saint_Helier
Salford,United_Kingdom_England_Salford
Salisbury,United_Kingdom_England_Salisbury
Saundersfoot,United_Kingdom_England_Saundersfoot
Scarborough,United_Kingdom_England_Scarborough
Scunthorpe,United_Kingdom_England_Scunthorpe
Sheffield,United_Kingdom_England_Sheffield
Sleaford,United_Kingdom_England_Sleaford
Slough,United_Kingdom_England_Slough
Soham,United_Kingdom_England_Soham
Solihull,United_Kingdom_England_Solihull
Southampton,United_Kingdom_England_Southampton
Stevenage,United_Kingdom_England_Stevenage
Stoke-on-Trent,United_Kingdom_England_Stoke-on-Trent
Stratford-Upon-Avon,United_Kingdom_England_Stratford-Upon-Avon
Swindon,United_Kingdom_England_Swindon
Tamworth,United_Kingdom_England_Tamworth
Taunton,United_Kingdom_England_Taunton
Telford,United_Kingdom_England_Telford
Tetbury,United_Kingdom_England_Tetbury
Truro,United_Kingdom_England_Truro
Uxbridge,United_Kingdom_England_Uxbridge
Walsall,United_Kingdom_England_Walsall
Warwick,United_Kingdom_England_Warwick
Watford,United_Kingdom_England_Watford
Wells,United_Kingdom_England_Wells
Weymouth,United_Kingdom_England_Weymouth
Whitby,United_Kingdom_England_Whitby
Winchester,United_Kingdom_England_Winchester
Windsor,United_Kingdom_England_Windsor
Wolverhampton,United_Kingdom_England_Wolverhampton
Worcester,United_Kingdom_England_Worcester
Worthing,United_Kingdom_England_Worthing
York,United_Kingdom_England_York
Gibraltar,United_Kingdom_Gibraltar_Gibraltar
Georgetown,United_Kingdom_Grand_Cayman_Georgetown
Saint Peter Port,United_Kingdom_Guernsey_Saint_Peter_Port
Diego Garcia,United_Kingdom_Indian_Ocean_Terr_Diego_Garcia
Douglas,United_Kingdom_Isle_of_Man_Douglas
Armagh,United_Kingdom_Northern_Ireland_Armagh
Belfast,United_Kingdom_Northern_Ireland_Belfast
Coleraine,United_Kingdom_Northern_Ireland_Coleraine
Enniskillen,United_Kingdom_Northern_Ireland_Enniskillen
Hillsborough,United_Kingdom_Northern_Ireland_Hillsborough
Lisnaskea,United_Kingdom_Northern_Ireland_Lisnaskea
Londonderry,United_Kingdom_Northern_Ireland_Londonderry
Aberdeen,United_Kingdom_Scotland_Aberdeen
Crail,United_Kingdom_Scotland_Crail
Cumbernauld,United_Kingdom_Scotland_Cumbernauld
Dumfries,United_Kingdom_Scotland_Dumfries
Dundee,United_Kingdom_Scotland_Dundee
Dunfermline,United_Kingdom_Scotland_Dunfermline
Edinburgh,United_Kingdom_Scotland_Edinburgh
Elgin,United_Kingdom_Scotland_Elgin
Forres,United_Kingdom_Scotland_Forres
Glasgow,United_Kingdom_Scotland_Glasgow
Inverness,United_Kingdom_Scotland_Inverness
Inverurie,United_Kingdom_Scotland_Inverurie
Portree,United_Kingdom_Scotland_Portree
Prestwick,United_Kingdom_Scotland_Prestwick
Saint Andrews,United_Kingdom_Scotland_Saint_Andrews
Stirling,United_Kingdom_Scotland_Stirling
Stronoway,United_Kingdom_Scotland_Stronoway
Thurso,United_Kingdom_Scotland_Thurso
Uist Islands,United_Kingdom_Scotland_Uist_Islands
Road Town,United_Kingdom_Virgin_Islands_Road_Town
Aberystwyth,United_Kingdom_Wales_Aberystwyth
Barmouth,United_Kingdom_Wales_Barmouth
Beaumaris,United_Kingdom_Wales_Beaumaris
Cardiff,United_Kingdom_Wales_Cardiff
Denbigh,United_Kingdom_Wales_Denbigh
Holyhead,United_Kingdom_Wales_Holyhead
Llandudno,United_Kingdom_Wales_Llandudno
Swansea,United_Kingdom_Wales_Swansea
Wrexham,United_Kingdom_Wales_Wrexham
