American Falls,United_States_Idaho_American_Falls
Arco,United_States_Idaho_Arco
Blackfoot,United_States_Idaho_Blackfoot
Boise,United_States_Idaho_Boise
Bonners Ferry,United_States_Idaho_Bonners_Ferry
Burley,United_States_Idaho_Burley
Caldwell,United_States_Idaho_Caldwell
Cascade,United_States_Idaho_Cascade
Challis,United_States_Idaho_Challis
City of Rocks National Reserve,United_States_Idaho_City_of_Rocks_National_Reserve
Coeur d Alene,United_States_Idaho_Coeur_d_Alene
Council,United_States_Idaho_Council
Craters of the Moon National Monument,United_States_Idaho_Craters_of_the_Moon_National_Monument
Driggs,United_States_Idaho_Driggs
Dubois,United_States_Idaho_Dubois
Emmett,United_States_Idaho_Emmett
Fairfield,United_States_Idaho_Fairfield
Gooding,United_States_Idaho_Gooding
Grangeville,United_States_Idaho_Grangeville
Hagerman Fossil Beds National Monument,United_States_Idaho_Hagerman_Fossil_Beds_National_Monument
Hailey,United_States_Idaho_Hailey
Idago City,United_States_Idaho_Idago_City
Idaho Falls,United_States_Idaho_Idaho_Falls
Jerome,United_States_Idaho_Jerome
Lewiston,United_States_Idaho_Lewiston
Malad City,United_States_Idaho_Malad_City
Minidoka Internment National Monument,United_States_Idaho_Minidoka_Internment_National_Monument
Moscow,United_States_Idaho_Moscow
Mountain Home,United_States_Idaho_Mountain_Home
Murphy,United_States_Idaho_Murphy
Nezperce,United_States_Idaho_Nezperce
Nez Perce National Historical Park,United_States_Idaho_Nez_Perce_National_Historical_Park
Orofino,United_States_Idaho_Orofino
Paris,United_States_Idaho_Paris
Payette,United_States_Idaho_Payette
Pocatello,United_States_Idaho_Pocatello
Preston,United_States_Idaho_Preston
Rexburg,United_States_Idaho_Rexburg
Rigby,United_States_Idaho_Rigby
Rupert,United_States_Idaho_Rupert
Salmon,United_States_Idaho_Salmon
Sandpoint,United_States_Idaho_Sandpoint
Shoshone,United_States_Idaho_Shoshone
Soda Springs,United_States_Idaho_Soda_Springs
St. Anthony,United_States_Idaho_St._Anthony
St. Maries,United_States_Idaho_St._Maries
Twin Falls,United_States_Idaho_Twin_Falls
Ucon,United_States_Idaho_Ucon
Wallace,United_States_Idaho_Wallace
Weiser,United_States_Idaho_Weiser
