Albion,United_States_Illinois_Albion
Aledo,United_States_Illinois_Aledo
Alton,United_States_Illinois_Alton
Amboy,United_States_Illinois_Amboy
Anna,United_States_Illinois_Anna
Arcola,United_States_Illinois_Arcola
Atkinson,United_States_Illinois_Atkinson
Aurora,United_States_Illinois_Aurora
Belleville,United_States_Illinois_Belleville
Belvidere,United_States_Illinois_Belvidere
Benton,United_States_Illinois_Benton
Bloomington,United_States_Illinois_Bloomington
Bolingbrook,United_States_Illinois_Bolingbrook
Breese,United_States_Illinois_Breese
Bridgeview,United_States_Illinois_Bridgeview
Buffalo Grove,United_States_Illinois_Buffalo_Grove
Cairo,United_States_Illinois_Cairo
Cambridge,United_States_Illinois_Cambridge
Canton,United_States_Illinois_Canton
Carbondale,United_States_Illinois_Carbondale
Carlinville,United_States_Illinois_Carlinville
Carlyle,United_States_Illinois_Carlyle
Carmi,United_States_Illinois_Carmi
Carol Stream,United_States_Illinois_Carol_Stream
Carrollton,United_States_Illinois_Carrollton
Carterville,United_States_Illinois_Carterville
Carthage,United_States_Illinois_Carthage
Centralia,United_States_Illinois_Centralia
Champaign-Urbana,United_States_Illinois_Champaign-Urbana
Charleston,United_States_Illinois_Charleston
Chester,United_States_Illinois_Chester
Chicago,United_States_Illinois_Chicago
Clinton,United_States_Illinois_Clinton
Columbia,United_States_Illinois_Columbia
Danville,United_States_Illinois_Danville
Decatur,United_States_Illinois_Decatur
DeKalb,United_States_Illinois_DeKalb
Des Plaines,United_States_Illinois_Des_Plaines
Dixon,United_States_Illinois_Dixon
Downers Grove,United_States_Illinois_Downers_Grove
Edwardsville,United_States_Illinois_Edwardsville
Effingham,United_States_Illinois_Effingham
Elgin,United_States_Illinois_Elgin
Elizabethtown,United_States_Illinois_Elizabethtown
Elmhurst,United_States_Illinois_Elmhurst
Eureka,United_States_Illinois_Eureka
Fairfield,United_States_Illinois_Fairfield
Frankfort,United_States_Illinois_Frankfort
Franklin Grove,United_States_Illinois_Franklin_Grove
Freeport,United_States_Illinois_Freeport
Galena,United_States_Illinois_Galena
Galesburg,United_States_Illinois_Galesburg
Geneva,United_States_Illinois_Geneva
Gilman,United_States_Illinois_Gilman
Glenview,United_States_Illinois_Glenview
Glen Carbon,United_States_Illinois_Glen_Carbon
Glen Ellyn,United_States_Illinois_Glen_Ellyn
Golconda,United_States_Illinois_Golconda
Goreville,United_States_Illinois_Goreville
Grayslake,United_States_Illinois_Grayslake
Greenville,United_States_Illinois_Greenville
Hardin,United_States_Illinois_Hardin
Harrisburg,United_States_Illinois_Harrisburg
Havana,United_States_Illinois_Havana
Hennepin,United_States_Illinois_Hennepin
Herrin,United_States_Illinois_Herrin
Highland,United_States_Illinois_Highland
Hillsboro,United_States_Illinois_Hillsboro
Illinois and Michigan Canal National Heritage Corridor,United_States_Illinois_Illinois_and_Michigan_Canal_National_Heritage_Corridor
Irving,United_States_Illinois_Irving
Jacksonville,United_States_Illinois_Jacksonville
Jerseyville,United_States_Illinois_Jerseyville
Joliet,United_States_Illinois_Joliet
Jonesboro,United_States_Illinois_Jonesboro
Kankakee,United_States_Illinois_Kankakee
Lacon,United_States_Illinois_Lacon
Lakemoor,United_States_Illinois_Lakemoor
Lake Bluff,United_States_Illinois_Lake_Bluff
Lansing,United_States_Illinois_Lansing
LaSalle,United_States_Illinois_LaSalle
Lawrenceville,United_States_Illinois_Lawrenceville
Lewistown,United_States_Illinois_Lewistown
Libertyville,United_States_Illinois_Libertyville
Lincoln,United_States_Illinois_Lincoln
Lincoln Home National Historic Site,United_States_Illinois_Lincoln_Home_National_Historic_Site
Lisle,United_States_Illinois_Lisle
Lockport,United_States_Illinois_Lockport
Lombard,United_States_Illinois_Lombard
Louisville,United_States_Illinois_Louisville
Macomb,United_States_Illinois_Macomb
Marion,United_States_Illinois_Marion
Marissa,United_States_Illinois_Marissa
Marseilles,United_States_Illinois_Marseilles
Marshall,United_States_Illinois_Marshall
McHenry,United_States_Illinois_McHenry
McLeansboro,United_States_Illinois_McLeansboro
Metropolis,United_States_Illinois_Metropolis
Milledgeville,United_States_Illinois_Milledgeville
Minooka,United_States_Illinois_Minooka
Moline,United_States_Illinois_Moline
Monmouth,United_States_Illinois_Monmouth
Monticello,United_States_Illinois_Monticello
Morris,United_States_Illinois_Morris
Morrison,United_States_Illinois_Morrison
Mound City,United_States_Illinois_Mound_City
Mount Carmel,United_States_Illinois_Mount_Carmel
Mount Carroll,United_States_Illinois_Mount_Carroll
Mount Sterling,United_States_Illinois_Mount_Sterling
Mount Vernon,United_States_Illinois_Mount_Vernon
Murphysboro,United_States_Illinois_Murphysboro
Naperville,United_States_Illinois_Naperville
Nashville,United_States_Illinois_Nashville
Newton,United_States_Illinois_Newton
Oak Forest,United_States_Illinois_Oak_Forest
Olney,United_States_Illinois_Olney
Oquawka,United_States_Illinois_Oquawka
Oregon,United_States_Illinois_Oregon
Ottawa,United_States_Illinois_Ottawa
Ozark,United_States_Illinois_Ozark
Palatine,United_States_Illinois_Palatine
Paris,United_States_Illinois_Paris
Paxton,United_States_Illinois_Paxton
Pekin,United_States_Illinois_Pekin
Peoria,United_States_Illinois_Peoria
Peru,United_States_Illinois_Peru
Petersburg,United_States_Illinois_Petersburg
Pinckneyville,United_States_Illinois_Pinckneyville
Pittsfield,United_States_Illinois_Pittsfield
Plainfield,United_States_Illinois_Plainfield
Polo,United_States_Illinois_Polo
Pontiac,United_States_Illinois_Pontiac
Princeton,United_States_Illinois_Princeton
Quincy,United_States_Illinois_Quincy
Richmond,United_States_Illinois_Richmond
Robinson,United_States_Illinois_Robinson
Rockford,United_States_Illinois_Rockford
Rock Island,United_States_Illinois_Rock_Island
Ronald Reagan Boyhood Home National Historic Site,United_States_Illinois_Ronald_Reagan_Boyhood_Home_National_Historic_Site
Roselle,United_States_Illinois_Roselle
Round Lake Beach,United_States_Illinois_Round_Lake_Beach
Rushville,United_States_Illinois_Rushville
Saint Charles,United_States_Illinois_Saint_Charles
Salem,United_States_Illinois_Salem
Schaumburg,United_States_Illinois_Schaumburg
Shawneetown,United_States_Illinois_Shawneetown
Shelbyville,United_States_Illinois_Shelbyville
Springfield,United_States_Illinois_Springfield
Streamwood,United_States_Illinois_Streamwood
Sullivan,United_States_Illinois_Sullivan
Sycamore,United_States_Illinois_Sycamore
Taylorville,United_States_Illinois_Taylorville
Tinley Park,United_States_Illinois_Tinley_Park
Toledo,United_States_Illinois_Toledo
Toulon,United_States_Illinois_Toulon
Tower Hill,United_States_Illinois_Tower_Hill
Tuscola,United_States_Illinois_Tuscola
Urbana,United_States_Illinois_Urbana
Vandalia,United_States_Illinois_Vandalia
Vienna,United_States_Illinois_Vienna
Virginia,United_States_Illinois_Virginia
Washington,United_States_Illinois_Washington
Waterloo,United_States_Illinois_Waterloo
Watseka,United_States_Illinois_Watseka
Waukegan,United_States_Illinois_Waukegan
Wheaton,United_States_Illinois_Wheaton
Williamsville,United_States_Illinois_Williamsville
Wilmette,United_States_Illinois_Wilmette
Winchester,United_States_Illinois_Winchester
Winfield,United_States_Illinois_Winfield
Woodstock,United_States_Illinois_Woodstock
Yorkville,United_States_Illinois_Yorkville
