Adrian,United_States_Michigan_Adrian
Allegan,United_States_Michigan_Allegan
Allen Park,United_States_Michigan_Allen_Park
Alpena,United_States_Michigan_Alpena
Ann Arbor,United_States_Michigan_Ann_Arbor
Atlanta,United_States_Michigan_Atlanta
Bad Axe,United_States_Michigan_Bad_Axe
Baldwin,United_States_Michigan_Baldwin
Barton City,United_States_Michigan_Barton_City
Battle Creek,United_States_Michigan_Battle_Creek
Bay City,United_States_Michigan_Bay_City
Beaverton,United_States_Michigan_Beaverton
Bellaire,United_States_Michigan_Bellaire
Benton Harbor,United_States_Michigan_Benton_Harbor
Berkley,United_States_Michigan_Berkley
Bessermer,United_States_Michigan_Bessermer
Beulah,United_States_Michigan_Beulah
Big Rapids,United_States_Michigan_Big_Rapids
Birmingham,United_States_Michigan_Birmingham
Boyne City,United_States_Michigan_Boyne_City
Breckenridge,United_States_Michigan_Breckenridge
Breedsville,United_States_Michigan_Breedsville
Bridgman,United_States_Michigan_Bridgman
Brighton,United_States_Michigan_Brighton
Bronson,United_States_Michigan_Bronson
Brooklyn,United_States_Michigan_Brooklyn
Byron Center,United_States_Michigan_Byron_Center
Cadillac,United_States_Michigan_Cadillac
Capac,United_States_Michigan_Capac
Caro,United_States_Michigan_Caro
Cassopolis,United_States_Michigan_Cassopolis
Cedar Springs,United_States_Michigan_Cedar_Springs
Centreville,United_States_Michigan_Centreville
Charlevoix,United_States_Michigan_Charlevoix
Charlotte,United_States_Michigan_Charlotte
Cheboygan,United_States_Michigan_Cheboygan
Chelsea,United_States_Michigan_Chelsea
Clare,United_States_Michigan_Clare
Clinton,United_States_Michigan_Clinton
Coldwater,United_States_Michigan_Coldwater
Colon,United_States_Michigan_Colon
Corunna,United_States_Michigan_Corunna
Crystal Falls,United_States_Michigan_Crystal_Falls
Dearborn,United_States_Michigan_Dearborn
Detroit,United_States_Michigan_Detroit
Dexter,United_States_Michigan_Dexter
Eagle River,United_States_Michigan_Eagle_River
Elk Rapids,United_States_Michigan_Elk_Rapids
Escanaba,United_States_Michigan_Escanaba
Essexville,United_States_Michigan_Essexville
Farmington Hills,United_States_Michigan_Farmington_Hills
Fenton,United_States_Michigan_Fenton
Flint,United_States_Michigan_Flint
Frankfort,United_States_Michigan_Frankfort
Fraser,United_States_Michigan_Fraser
Garden City,United_States_Michigan_Garden_City
Gaylord,United_States_Michigan_Gaylord
Gladwin,United_States_Michigan_Gladwin
Grand Blanc,United_States_Michigan_Grand_Blanc
Grand Haven,United_States_Michigan_Grand_Haven
Grand Rapids,United_States_Michigan_Grand_Rapids
Grayling,United_States_Michigan_Grayling
Hamburg,United_States_Michigan_Hamburg
Hamilton,United_States_Michigan_Hamilton
Harrison,United_States_Michigan_Harrison
Harrisville,United_States_Michigan_Harrisville
Hart,United_States_Michigan_Hart
Hartland,United_States_Michigan_Hartland
Hastings,United_States_Michigan_Hastings
Hemlock,United_States_Michigan_Hemlock
Hillsdale,United_States_Michigan_Hillsdale
Holland,United_States_Michigan_Holland
Houghton,United_States_Michigan_Houghton
Howell,United_States_Michigan_Howell
Ionia,United_States_Michigan_Ionia
Ironwood,United_States_Michigan_Ironwood
Iron Mountain,United_States_Michigan_Iron_Mountain
Ishpeming,United_States_Michigan_Ishpeming
Isle Royale National Park,United_States_Michigan_Isle_Royale_National_Park
Ithaca,United_States_Michigan_Ithaca
Jackson,United_States_Michigan_Jackson
Kalamazoo,United_States_Michigan_Kalamazoo
Kalkaska,United_States_Michigan_Kalkaska
Kenton,United_States_Michigan_Kenton
Keweenaw National Historical Park,United_States_Michigan_Keweenaw_National_Historical_Park
Lake City,United_States_Michigan_Lake_City
Lake Orion,United_States_Michigan_Lake_Orion
Lansing,United_States_Michigan_Lansing
Lapeer,United_States_Michigan_Lapeer
Lawton,United_States_Michigan_Lawton
Lennon,United_States_Michigan_Lennon
Livonia,United_States_Michigan_Livonia
Ludington,United_States_Michigan_Ludington
L Anse,United_States_Michigan_L_Anse
Manistee,United_States_Michigan_Manistee
Manistique,United_States_Michigan_Manistique
Marlette,United_States_Michigan_Marlette
Marquette,United_States_Michigan_Marquette
Marshall,United_States_Michigan_Marshall
Mason,United_States_Michigan_Mason
Menominee,United_States_Michigan_Menominee
Middleville,United_States_Michigan_Middleville
Midland,United_States_Michigan_Midland
Milan,United_States_Michigan_Milan
Mio,United_States_Michigan_Mio
Monroe,United_States_Michigan_Monroe
Mount Clemens,United_States_Michigan_Mount_Clemens
Mount Pleasant,United_States_Michigan_Mount_Pleasant
Munising,United_States_Michigan_Munising
Muskegon,United_States_Michigan_Muskegon
Newberry,United_States_Michigan_Newberry
Niles,United_States_Michigan_Niles
Ontonagon,United_States_Michigan_Ontonagon
Ovid,United_States_Michigan_Ovid
Owosso,United_States_Michigan_Owosso
Oxford,United_States_Michigan_Oxford
Paw Paw,United_States_Michigan_Paw_Paw
Petoskey,United_States_Michigan_Petoskey
Pictured Rocks National Lakeshore,United_States_Michigan_Pictured_Rocks_National_Lakeshore
Pinckney,United_States_Michigan_Pinckney
Pontiac,United_States_Michigan_Pontiac
Port Huron,United_States_Michigan_Port_Huron
Reed City,United_States_Michigan_Reed_City
Rochester Hills,United_States_Michigan_Rochester_Hills
Rogers City,United_States_Michigan_Rogers_City
Romeo,United_States_Michigan_Romeo
Roscommon,United_States_Michigan_Roscommon
Saginaw,United_States_Michigan_Saginaw
Saint Charles,United_States_Michigan_Saint_Charles
Saint Clair,United_States_Michigan_Saint_Clair
Saint Ignace,United_States_Michigan_Saint_Ignace
Saint Johns,United_States_Michigan_Saint_Johns
Saint Joseph,United_States_Michigan_Saint_Joseph
Sandusky,United_States_Michigan_Sandusky
Sault Ste Marie,United_States_Michigan_Sault_Ste_Marie
Scottville,United_States_Michigan_Scottville
Sleeping Bear Dunes National Lakeshore,United_States_Michigan_Sleeping_Bear_Dunes_National_Lakeshore
Southfield,United_States_Michigan_Southfield
Standish,United_States_Michigan_Standish
Stanton,United_States_Michigan_Stanton
Suttons Bay Township,United_States_Michigan_Suttons_Bay_Township
Traverse City,United_States_Michigan_Traverse_City
Troy,United_States_Michigan_Troy
Walled Lake,United_States_Michigan_Walled_Lake
Warren,United_States_Michigan_Warren
Waterford,United_States_Michigan_Waterford
White Lake,United_States_Michigan_White_Lake
Whitmore Lake,United_States_Michigan_Whitmore_Lake
Ypsilanti,United_States_Michigan_Ypsilanti
Zeeland,United_States_Michigan_Zeeland
