Aberdeen,United_States_North_Carolina_Aberdeen
Albermarle,United_States_North_Carolina_Albermarle
Apex,United_States_North_Carolina_Apex
Asheboro,United_States_North_Carolina_Asheboro
Asheville,United_States_North_Carolina_Asheville
Bakersville,United_States_North_Carolina_Bakersville
Banner Elk,United_States_North_Carolina_Banner_Elk
Bayboro,United_States_North_Carolina_Bayboro
Beaufort,United_States_North_Carolina_Beaufort
Beulaville,United_States_North_Carolina_Beulaville
Bladenboro,United_States_North_Carolina_Bladenboro
Blue Ridge Parkway,United_States_North_Carolina_Blue_Ridge_Parkway
Bolivia,United_States_North_Carolina_Bolivia
Boone,United_States_North_Carolina_Boone
Brevard,United_States_North_Carolina_Brevard
Bryson City,United_States_North_Carolina_Bryson_City
Burgaw,United_States_North_Carolina_Burgaw
Burnsville,United_States_North_Carolina_Burnsville
Camden,United_States_North_Carolina_Camden
Cape Hatteras National Seashore,United_States_North_Carolina_Cape_Hatteras_National_Seashore
Cape Lookout National Seashore,United_States_North_Carolina_Cape_Lookout_National_Seashore
Carl Sandburg Home National Historic Site,United_States_North_Carolina_Carl_Sandburg_Home_National_Historic_Site
Carthage,United_States_North_Carolina_Carthage
Cary,United_States_North_Carolina_Cary
Casar,United_States_North_Carolina_Casar
Chapel Hill,United_States_North_Carolina_Chapel_Hill
Charlotte,United_States_North_Carolina_Charlotte
Clinton,United_States_North_Carolina_Clinton
Coats,United_States_North_Carolina_Coats
Columbia,United_States_North_Carolina_Columbia
Columbus,United_States_North_Carolina_Columbus
Concord,United_States_North_Carolina_Concord
Conover,United_States_North_Carolina_Conover
Cullowhee,United_States_North_Carolina_Cullowhee
Currituck,United_States_North_Carolina_Currituck
Danbury,United_States_North_Carolina_Danbury
Dobson,United_States_North_Carolina_Dobson
Durham,United_States_North_Carolina_Durham
Eden,United_States_North_Carolina_Eden
Edenton,United_States_North_Carolina_Edenton
Elizabethtown,United_States_North_Carolina_Elizabethtown
Elizabeth City,United_States_North_Carolina_Elizabeth_City
Fayetteville,United_States_North_Carolina_Fayetteville
Fort Raleigh National Historical Site,United_States_North_Carolina_Fort_Raleigh_National_Historical_Site
Franklin,United_States_North_Carolina_Franklin
Fuquay-Varina,United_States_North_Carolina_Fuquay-Varina
Gastonia,United_States_North_Carolina_Gastonia
Gatesville,United_States_North_Carolina_Gatesville
Goldsboro,United_States_North_Carolina_Goldsboro
Graham,United_States_North_Carolina_Graham
Greensboro,United_States_North_Carolina_Greensboro
Greenville,United_States_North_Carolina_Greenville
Guilford Courthouse National Military Park,United_States_North_Carolina_Guilford_Courthouse_National_Military_Park
Halifax,United_States_North_Carolina_Halifax
Hayesville,United_States_North_Carolina_Hayesville
Henderson,United_States_North_Carolina_Henderson
Hendersonville,United_States_North_Carolina_Hendersonville
Hertford,United_States_North_Carolina_Hertford
Hickory,United_States_North_Carolina_Hickory
High Point,United_States_North_Carolina_High_Point
Hillsborough,United_States_North_Carolina_Hillsborough
Jackson,United_States_North_Carolina_Jackson
Jacksonville,United_States_North_Carolina_Jacksonville
Jefferson,United_States_North_Carolina_Jefferson
Kenansville,United_States_North_Carolina_Kenansville
King,United_States_North_Carolina_King
Kinston,United_States_North_Carolina_Kinston
Kitty Hawk,United_States_North_Carolina_Kitty_Hawk
Laurinburg,United_States_North_Carolina_Laurinburg
Lenoir,United_States_North_Carolina_Lenoir
Lexington,United_States_North_Carolina_Lexington
Lillington,United_States_North_Carolina_Lillington
Lincolnton,United_States_North_Carolina_Lincolnton
Loisburg,United_States_North_Carolina_Loisburg
Lumberton,United_States_North_Carolina_Lumberton
Manteo,United_States_North_Carolina_Manteo
Marion,United_States_North_Carolina_Marion
Marshall,United_States_North_Carolina_Marshall
Marshville,United_States_North_Carolina_Marshville
Mocksville,United_States_North_Carolina_Mocksville
Monroe,United_States_North_Carolina_Monroe
Moores Creek National Battlefield,United_States_North_Carolina_Moores_Creek_National_Battlefield
Morganton,United_States_North_Carolina_Morganton
Mount Airy,United_States_North_Carolina_Mount_Airy
Mount Pleasant,United_States_North_Carolina_Mount_Pleasant
Murphy,United_States_North_Carolina_Murphy
Nashville,United_States_North_Carolina_Nashville
Newland,United_States_North_Carolina_Newland
Newton,United_States_North_Carolina_Newton
New Bern,United_States_North_Carolina_New_Bern
North Wilkesboro,United_States_North_Carolina_North_Wilkesboro
Norwood,United_States_North_Carolina_Norwood
Oxford,United_States_North_Carolina_Oxford
Pittsboro,United_States_North_Carolina_Pittsboro
Plymouth,United_States_North_Carolina_Plymouth
Raeford,United_States_North_Carolina_Raeford
Raleigh,United_States_North_Carolina_Raleigh
Reidsville,United_States_North_Carolina_Reidsville
Robbinsville,United_States_North_Carolina_Robbinsville
Rockingham,United_States_North_Carolina_Rockingham
Rocky Mount,United_States_North_Carolina_Rocky_Mount
Rosman,United_States_North_Carolina_Rosman
Roxboro,United_States_North_Carolina_Roxboro
Rutherfordton,United_States_North_Carolina_Rutherfordton
Salisbury,United_States_North_Carolina_Salisbury
Sanford,United_States_North_Carolina_Sanford
Shelby,United_States_North_Carolina_Shelby
Smithfield,United_States_North_Carolina_Smithfield
Snow Hill,United_States_North_Carolina_Snow_Hill
Southern Pines,United_States_North_Carolina_Southern_Pines
Sparta,United_States_North_Carolina_Sparta
Spruce Pine,United_States_North_Carolina_Spruce_Pine
Statesville,United_States_North_Carolina_Statesville
Stoneville,United_States_North_Carolina_Stoneville
Swansboro,United_States_North_Carolina_Swansboro
Swan Quarter,United_States_North_Carolina_Swan_Quarter
Sylva,United_States_North_Carolina_Sylva
Tarboro,United_States_North_Carolina_Tarboro
Taylorsville,United_States_North_Carolina_Taylorsville
Thomasville,United_States_North_Carolina_Thomasville
Trenton,United_States_North_Carolina_Trenton
Troy,United_States_North_Carolina_Troy
Wadesboro,United_States_North_Carolina_Wadesboro
Warrenton,United_States_North_Carolina_Warrenton
Washington,United_States_North_Carolina_Washington
Waynesville,United_States_North_Carolina_Waynesville
Wendell,United_States_North_Carolina_Wendell
Wentowrth,United_States_North_Carolina_Wentowrth
Whiteville,United_States_North_Carolina_Whiteville
Wikesboro,United_States_North_Carolina_Wikesboro
Williamston,United_States_North_Carolina_Williamston
Wilmington,United_States_North_Carolina_Wilmington
Wilson,United_States_North_Carolina_Wilson
Windsor,United_States_North_Carolina_Windsor
Wingate,United_States_North_Carolina_Wingate
Winston-Salem,United_States_North_Carolina_Winston-Salem
Winton,United_States_North_Carolina_Winton
Wright Brothers National Memorial,United_States_North_Carolina_Wright_Brothers_National_Memorial
Yadkinville,United_States_North_Carolina_Yadkinville
Yanceyville,United_States_North_Carolina_Yanceyville
