Albany,United_States_Oregon_Albany
Astoria,United_States_Oregon_Astoria
Baker City,United_States_Oregon_Baker_City
Bend,United_States_Oregon_Bend
Boardman,United_States_Oregon_Boardman
Brookings,United_States_Oregon_Brookings
Burns,United_States_Oregon_Burns
Canyon City,United_States_Oregon_Canyon_City
Clatskanie,United_States_Oregon_Clatskanie
Condon,United_States_Oregon_Condon
Coos Bay,United_States_Oregon_Coos_Bay
Coquille,United_States_Oregon_Coquille
Corvallis,United_States_Oregon_Corvallis
Crater Lake National Park,United_States_Oregon_Crater_Lake_National_Park
Creswell,United_States_Oregon_Creswell
Dallas,United_States_Oregon_Dallas
Eagle Creek,United_States_Oregon_Eagle_Creek
Enterprise,United_States_Oregon_Enterprise
Estacada,United_States_Oregon_Estacada
Eugene,United_States_Oregon_Eugene
Forest Grove,United_States_Oregon_Forest_Grove
Fossil,United_States_Oregon_Fossil
Gold Beach,United_States_Oregon_Gold_Beach
Grants Pass,United_States_Oregon_Grants_Pass
Heppner,United_States_Oregon_Heppner
Hermiston,United_States_Oregon_Hermiston
Hillsboro,United_States_Oregon_Hillsboro
Hood River,United_States_Oregon_Hood_River
John Day Fossil Beds National Monument,United_States_Oregon_John_Day_Fossil_Beds_National_Monument
Klamath Falls,United_States_Oregon_Klamath_Falls
Lakeview,United_States_Oregon_Lakeview
La Grande,United_States_Oregon_La_Grande
Madras,United_States_Oregon_Madras
Malin,United_States_Oregon_Malin
McLoughlin House National Historical Park,United_States_Oregon_McLoughlin_House_National_Historical_Park
McMinnville,United_States_Oregon_McMinnville
Medford,United_States_Oregon_Medford
Monmouth,United_States_Oregon_Monmouth
Moro,United_States_Oregon_Moro
Newberg,United_States_Oregon_Newberg
Newport,United_States_Oregon_Newport
Oregon Caves National Monument,United_States_Oregon_Oregon_Caves_National_Monument
Oregon City,United_States_Oregon_Oregon_City
Pendleton,United_States_Oregon_Pendleton
Portland,United_States_Oregon_Portland
Prairie City,United_States_Oregon_Prairie_City
Prineville,United_States_Oregon_Prineville
Redmond,United_States_Oregon_Redmond
Roseburg,United_States_Oregon_Roseburg
Saint Helens,United_States_Oregon_Saint_Helens
Salem,United_States_Oregon_Salem
Scappoose,United_States_Oregon_Scappoose
Stayton,United_States_Oregon_Stayton
The Dalles,United_States_Oregon_The_Dalles
Tillamook,United_States_Oregon_Tillamook
Vale,United_States_Oregon_Vale
Yachats,United_States_Oregon_Yachats
