Abingdon,United_States_Virginia_Abingdon
Accomac,United_States_Virginia_Accomac
Alexandria,United_States_Virginia_Alexandria
Amelia Court House,United_States_Virginia_Amelia_Court_House
Amherst,United_States_Virginia_Amherst
Appomattox Court House National Historical Park,United_States_Virginia_Appomattox_Court_House_National_Historical_Park
Arlington,United_States_Virginia_Arlington
Arlington House National Memorial,United_States_Virginia_Arlington_House_National_Memorial
Ashburn,United_States_Virginia_Ashburn
Bedford,United_States_Virginia_Bedford
Berryville,United_States_Virginia_Berryville
Blacksburg,United_States_Virginia_Blacksburg
Bland,United_States_Virginia_Bland
Booker T Washington National Monument,United_States_Virginia_Booker_T_Washington_National_Monument
Bowling Green,United_States_Virginia_Bowling_Green
Boydton,United_States_Virginia_Boydton
Bristol,United_States_Virginia_Bristol
Buckingham,United_States_Virginia_Buckingham
Buena Vista,United_States_Virginia_Buena_Vista
Burke,United_States_Virginia_Burke
Cedar Creek and Belle Grove Historical Park,United_States_Virginia_Cedar_Creek_and_Belle_Grove_Historical_Park
Chantilly,United_States_Virginia_Chantilly
Charles City,United_States_Virginia_Charles_City
Charlottesville,United_States_Virginia_Charlottesville
Charlotte Court House,United_States_Virginia_Charlotte_Court_House
Chatham,United_States_Virginia_Chatham
Chesapeake,United_States_Virginia_Chesapeake
Chesterfield,United_States_Virginia_Chesterfield
Christiansburg,United_States_Virginia_Christiansburg
Clintwood,United_States_Virginia_Clintwood
Colonial Heights,United_States_Virginia_Colonial_Heights
Colonial Naitonal Historical Park,United_States_Virginia_Colonial_Naitonal_Historical_Park
Courtland,United_States_Virginia_Courtland
Covington,United_States_Virginia_Covington
Culpeper,United_States_Virginia_Culpeper
Cumberland,United_States_Virginia_Cumberland
Danville,United_States_Virginia_Danville
Dinwiddie,United_States_Virginia_Dinwiddie
Earlysville,United_States_Virginia_Earlysville
Eastville,United_States_Virginia_Eastville
Emporia,United_States_Virginia_Emporia
Fairfax,United_States_Virginia_Fairfax
Falls Church,United_States_Virginia_Falls_Church
Farmville,United_States_Virginia_Farmville
Fincastle,United_States_Virginia_Fincastle
Floyd,United_States_Virginia_Floyd
Franklin,United_States_Virginia_Franklin
Fredericksburg,United_States_Virginia_Fredericksburg
Fredericksburg and Spotsylvania National Military Park,United_States_Virginia_Fredericksburg_and_Spotsylvania_National_Military_Park
Front Royal,United_States_Virginia_Front_Royal
Galax,United_States_Virginia_Galax
Gate City,United_States_Virginia_Gate_City
George Washington Birthplace National Monument,United_States_Virginia_George_Washington_Birthplace_National_Monument
George Washington Memorial Parkway,United_States_Virginia_George_Washington_Memorial_Parkway
Gloucester,United_States_Virginia_Gloucester
Goochland,United_States_Virginia_Goochland
Gordonsville,United_States_Virginia_Gordonsville
Green Springs National Historic Landmark District,United_States_Virginia_Green_Springs_National_Historic_Landmark_District
Grundy,United_States_Virginia_Grundy
Halifax,United_States_Virginia_Halifax
Hampton,United_States_Virginia_Hampton
Hanover,United_States_Virginia_Hanover
Harrisonburg,United_States_Virginia_Harrisonburg
Heathsville,United_States_Virginia_Heathsville
Herndon,United_States_Virginia_Herndon
Hillsville,United_States_Virginia_Hillsville
Hopewell,United_States_Virginia_Hopewell
Independence,United_States_Virginia_Independence
Isle of Wight,United_States_Virginia_Isle_of_Wight
Jonesville,United_States_Virginia_Jonesville
King and Queen Court House,United_States_Virginia_King_and_Queen_Court_House
King George,United_States_Virginia_King_George
King William,United_States_Virginia_King_William
Lancaster,United_States_Virginia_Lancaster
Langley Research Center,United_States_Virginia_Langley_Research_Center
Lawrenceville,United_States_Virginia_Lawrenceville
Lebanon,United_States_Virginia_Lebanon
Leesburg,United_States_Virginia_Leesburg
Lexington,United_States_Virginia_Lexington
Louisa,United_States_Virginia_Louisa
Lovingston,United_States_Virginia_Lovingston
Lunenburg,United_States_Virginia_Lunenburg
Luray,United_States_Virginia_Luray
Lynchburg,United_States_Virginia_Lynchburg
Madison,United_States_Virginia_Madison
Maggie L Walker National Historic Site,United_States_Virginia_Maggie_L_Walker_National_Historic_Site
Manassas,United_States_Virginia_Manassas
Manassas National Battlefield Park,United_States_Virginia_Manassas_National_Battlefield_Park
Marion,United_States_Virginia_Marion
Martinsville,United_States_Virginia_Martinsville
Matthews,United_States_Virginia_Matthews
Mid-Atlantic Regional Spaceport,United_States_Virginia_Mid-Atlantic_Regional_Spaceport
Monterey,United_States_Virginia_Monterey
Montross,United_States_Virginia_Montross
Newport News,United_States_Virginia_Newport_News
New Castle,United_States_Virginia_New_Castle
New Kent,United_States_Virginia_New_Kent
Norfolk,United_States_Virginia_Norfolk
Norton,United_States_Virginia_Norton
Nottoway,United_States_Virginia_Nottoway
Onancock,United_States_Virginia_Onancock
Orange,United_States_Virginia_Orange
Palmyra,United_States_Virginia_Palmyra
Parksley,United_States_Virginia_Parksley
Pearisburg,United_States_Virginia_Pearisburg
Petersburg,United_States_Virginia_Petersburg
Petersburg National Battlefield,United_States_Virginia_Petersburg_National_Battlefield
Poquoson,United_States_Virginia_Poquoson
Portsmouth,United_States_Virginia_Portsmouth
Powhatan,United_States_Virginia_Powhatan
Prince George,United_States_Virginia_Prince_George
Prince William Forest,United_States_Virginia_Prince_William_Forest
Pulaski,United_States_Virginia_Pulaski
Purcellville,United_States_Virginia_Purcellville
Radford,United_States_Virginia_Radford
Reston,United_States_Virginia_Reston
Richmond,United_States_Virginia_Richmond
Richmond National Battlefield Park,United_States_Virginia_Richmond_National_Battlefield_Park
Roanoke,United_States_Virginia_Roanoke
Rocky Mount,United_States_Virginia_Rocky_Mount
Rustburg,United_States_Virginia_Rustburg
Salem,United_States_Virginia_Salem
Saluda,United_States_Virginia_Saluda
Shenandoah National Park,United_States_Virginia_Shenandoah_National_Park
South Hill,United_States_Virginia_South_Hill
Spotsylvania Courthouse,United_States_Virginia_Spotsylvania_Courthouse
Springfield,United_States_Virginia_Springfield
Stafford,United_States_Virginia_Stafford
Stanardsville,United_States_Virginia_Stanardsville
Staunton,United_States_Virginia_Staunton
Stuart,United_States_Virginia_Stuart
Suffolk,United_States_Virginia_Suffolk
Surry,United_States_Virginia_Surry
Sussex,United_States_Virginia_Sussex
Tangier,United_States_Virginia_Tangier
Tappahannock,United_States_Virginia_Tappahannock
Tazewell,United_States_Virginia_Tazewell
Virginia Beach,United_States_Virginia_Virginia_Beach
Wallops Island,United_States_Virginia_Wallops_Island
Warm Springs,United_States_Virginia_Warm_Springs
Warrenton,United_States_Virginia_Warrenton
Warsaw,United_States_Virginia_Warsaw
Washington,United_States_Virginia_Washington
Waynesboro,United_States_Virginia_Waynesboro
Williamsburg,United_States_Virginia_Williamsburg
Winchester,United_States_Virginia_Winchester
Wise,United_States_Virginia_Wise
Wolf Trap Farm Park National Park,United_States_Virginia_Wolf_Trap_Farm_Park_National_Park
Woodbridge,United_States_Virginia_Woodbridge
Woodstock,United_States_Virginia_Woodstock
Wytheville,United_States_Virginia_Wytheville
Yorktown,United_States_Virginia_Yorktown
