Athens,United_States_West_Virginia_Athens
Beckley,United_States_West_Virginia_Beckley
Berkeley Springs,United_States_West_Virginia_Berkeley_Springs
Bluefield,United_States_West_Virginia_Bluefield
Bluestone National Scenic,United_States_West_Virginia_Bluestone_National_Scenic
Buckhannon,United_States_West_Virginia_Buckhannon
Charleston,United_States_West_Virginia_Charleston
Charles Town,United_States_West_Virginia_Charles_Town
Chester,United_States_West_Virginia_Chester
Clarksburg,United_States_West_Virginia_Clarksburg
Clay,United_States_West_Virginia_Clay
Elizabeth,United_States_West_Virginia_Elizabeth
Elkins,United_States_West_Virginia_Elkins
Fairmont,United_States_West_Virginia_Fairmont
Fayetteville,United_States_West_Virginia_Fayetteville
Franklin,United_States_West_Virginia_Franklin
Gauley River National Recreation Area,United_States_West_Virginia_Gauley_River_National_Recreation_Area
Glenville,United_States_West_Virginia_Glenville
Grafton,United_States_West_Virginia_Grafton
Grantsville,United_States_West_Virginia_Grantsville
Hamlin,United_States_West_Virginia_Hamlin
Harpers Ferry National Historical Park,United_States_West_Virginia_Harpers_Ferry_National_Historical_Park
Harrisville,United_States_West_Virginia_Harrisville
Hinton,United_States_West_Virginia_Hinton
Huntington,United_States_West_Virginia_Huntington
Keyser,United_States_West_Virginia_Keyser
Kingwood,United_States_West_Virginia_Kingwood
Lewisburg,United_States_West_Virginia_Lewisburg
Logan,United_States_West_Virginia_Logan
Madison,United_States_West_Virginia_Madison
Marlinton,United_States_West_Virginia_Marlinton
Martinsburg,United_States_West_Virginia_Martinsburg
Middlebourne,United_States_West_Virginia_Middlebourne
Moorefield,United_States_West_Virginia_Moorefield
Morgantown,United_States_West_Virginia_Morgantown
Moundsville,United_States_West_Virginia_Moundsville
New Cumberland,United_States_West_Virginia_New_Cumberland
New Martinsville,United_States_West_Virginia_New_Martinsville
New River Gorge National River,United_States_West_Virginia_New_River_Gorge_National_River
Parkersburg,United_States_West_Virginia_Parkersburg
Parsons,United_States_West_Virginia_Parsons
Petersburg,United_States_West_Virginia_Petersburg
Philippi,United_States_West_Virginia_Philippi
Pineville,United_States_West_Virginia_Pineville
Point Pleasant,United_States_West_Virginia_Point_Pleasant
Princeton,United_States_West_Virginia_Princeton
Ripley,United_States_West_Virginia_Ripley
Romney,United_States_West_Virginia_Romney
Saint Marys,United_States_West_Virginia_Saint_Marys
Seneca Rocks,United_States_West_Virginia_Seneca_Rocks
Spencer,United_States_West_Virginia_Spencer
Summersville,United_States_West_Virginia_Summersville
Sutton,United_States_West_Virginia_Sutton
Union,United_States_West_Virginia_Union
Wayne,United_States_West_Virginia_Wayne
Webster Springs,United_States_West_Virginia_Webster_Springs
Welch,United_States_West_Virginia_Welch
Wellsburg,United_States_West_Virginia_Wellsburg
Weston,United_States_West_Virginia_Weston
West Union,United_States_West_Virginia_West_Union
Wheeling,United_States_West_Virginia_Wheeling
White Sulphur Springs,United_States_West_Virginia_White_Sulphur_Springs
Williamson,United_States_West_Virginia_Williamson
Winfield,United_States_West_Virginia_Winfield
